text,created_at,author_handle,author_name,like_count,reply_count,repost_count,uri,sentiment_score,sentiment_label
"No they didn't.
November's election was hacked for the GOP.
November's highly suspect computer results were allowed to stand without any investigation whatsoever by an utterly complicit Democratic Party leadership...",2025-10-17 11:02:34.581000-05:00,johnbgilman.bsky.social,@JohnBGilman.bsky.social,0,0,0,at://did:plc:5elorgsexuueze4i2ymlq2qz/app.bsky.feed.post/3m3fnie3i2c2j,0,Neutral
NEWS: St. Albert Gazette Election Q&A: Jared Eglinski,2025-10-17 11:02:18-05:00,stalbertgazette.bsky.social,St. Albert Gazette,0,0,0,at://did:plc:ovolbiqfhtzzlv5nkfelnykl/app.bsky.feed.post/3m3fnhuuzgs2f,0,Neutral
"No I‚Äôm saying both sides of the Left have issues that would benefit from an overhaul. And so far everyone responding to my initial comment is proving my points. If you are hoping Pelosi loses her re-election bid, then hurray! We agree on something!",2025-10-17 11:02:16.936000-05:00,clinkjet.bsky.social,Unknown,0,0,0,at://did:plc:unexel354qjyfmcd56f2wk2w/app.bsky.feed.post/3m3fnhtaxms2a,0,Neutral
"If you're not registered to vote, your application must be received by October 25th to be eligible for the upcoming election. On the ballot: mayor, city comptroller, public advocate, borough presidents and more. Help shape the city you want to see: learn more at nycvotes.org",2025-10-17 11:02:10.642941297-05:00,citymeals.bsky.social,Citymeals on Wheels,0,0,0,at://did:plc:2cfxxvnd3zw7aylsn5benjk6/app.bsky.feed.post/3m3fnhot5wc2y,0,Neutral
I‚Äôm thinking that Trump is not worried about breaking the constitution or his corrupt policies involving gaining monies for his family . If he loses the next election.. he will be tried again so I don‚Äôt believe he is ever intending to give up his power as a president or at that point a dictatorship.,2025-10-17 11:01:53.226000-05:00,dmlentz.bsky.social,Unknown,0,0,0,at://did:plc:xuekdxage6raskupt7xtje2m/app.bsky.feed.post/3m3fnh4nfdc2y,-2,Negative
Reminder! If you want to vote in the NYC election and have to change or update your address... Do it now!,2025-10-17 11:01:47.182000-05:00,azalben.bsky.social,Alex Zalben,0,0,0,at://did:plc:opm7kjzippurg433jh7rt4ax/app.bsky.feed.post/3m3fngwuxxk2k,0,Neutral
Roberto Farinacci just fought me over accusing their barista of election fraud! I could punch a cloud!,2025-10-17 11:01:34.629421-05:00,fascistsfightme.bsky.social,Unknown,0,0,0,at://did:plc:fvb2wbxuwyoinq4muz4utxec/app.bsky.feed.post/3m3fngo6ex326,0,Neutral
"There are only 3 items on my ballot. City council and mileages. Will I be voting? ABSO-FUCKING-LUTELY. 
""Down ballot"" elections are so, so, so, so, so important! Please don't skip this election even if there's nothing ""big"" on your ballot!",2025-10-17 11:01:24.330000-05:00,septimusreviews.com,üéÉThis is SeptimusüéÉ,0,0,0,at://did:plc:5kmiwzsmmtitrcwwks74e42w/app.bsky.feed.post/3m3fngb3mjs2z,0,Neutral
You can pray that there‚Äôs another legitimate election and then hope America has learned that elections have consequences.  It‚Äôs either that or violent revolution.,2025-10-17 11:01:05.066000-05:00,grainsofsanity.bsky.social,Unknown,0,0,0,at://did:plc:26xwwf22fokztawg2ycu5oxk/app.bsky.feed.post/3m3fnfopo3c2i,1,Positive
"Prop 50 is our chance to fight back against Trump‚Äôs power grab and protect fair representation for our communities.  Join us next Wednesday for a virtual rally on why we need to vote YES on Prop 50 and get out the vote!
 right_arrow   www.mobilize.us/ca-wfp/event...",2025-10-17 11:00:34.892000-05:00,caworkingfamilies.bsky.social,California Working Families Party,1,0,0,at://did:plc:u5mqkglv552rdxkf7qhti2js/app.bsky.feed.post/3m3fnes4kp52h,0,Neutral
"Then, when Trump won the presidential election, the Office of Legal Counsel‚Äîoperating under Biden‚Äîtold Smith he couldn‚Äôt prosecute Trump as a sitting president.'",2025-10-17 11:00:21.331000-05:00,thecatzpajamas.bsky.social,Unknown,0,0,0,at://did:plc:n7mtlgnk3m2tyjl2nvur3d7a/app.bsky.feed.post/3m3fneeyy4k24,0,Neutral
"Gaines outlines goals, background ahead of election thereminder.com/local-news/... #wearehometownnews",2025-10-17 11:00:18.336000-05:00,reminderpublishing.bsky.social,Unknown,0,0,0,at://did:plc:7w2zlh3kv2xma2y2or353yuy/app.bsky.feed.post/3m3fnec74fl2j,0,Neutral
"This is a preview of what's to come. I predict that House Republicans, with election denial now at the core of party ideology, will simply refuse to cede control of the House even if Democrats win enough seats. We need to prepare. unexemptional.substack.com/p/dont-depen...",2025-10-17 11:00:10.589000-05:00,toddstein.bsky.social,Todd Stein,0,0,0,at://did:plc:5kc53jwkg52micnvkfoluwma/app.bsky.feed.post/3m3fne2r7tk2o,1,Positive
"Labour wants the next election to be a clear Labour/Reform choice. They need to knock the Greens out of that equation. The issues that anger many Reform voters are the ones the Greens directly address. Immigration hysteria is a smokescreen to cover government failure, stay on that message.",2025-10-17 10:59:52.149000-05:00,brianwoolfinder.bsky.social,Brian Woolfinder,0,0,0,at://did:plc:4dtxogd2u4gtzmou4vkxumtq/app.bsky.feed.post/3m3fndj6h2c2s,-2,Negative
"Most of all, we don't need this! It's part of the lie that noncitizens are voting and ""stealing elections."" They aren't.

Voters must already attest to their citizenship under oath. Noncitizens virtually never vote and have never been shown to vote in numbers that would affect any election.",2025-10-17 10:59:21.554000-05:00,ndiscenza1.bsky.social,Nicole Guenther Discenza,0,0,0,at://did:plc:omdzo6mnwlxo4xiaxys5yopw/app.bsky.feed.post/3m3fnclyq5c2x,0,Neutral
Hungary‚Äôs ‚ÄòViktator‚Äô eyes pre-election boost from US-Russia strongman summit,2025-10-17 10:59:17-05:00,irishtimes.com,The Irish Times,0,0,0,at://did:plc:465tbrqfeduj3lhludc6nbog/app.bsky.feed.post/3m3fncihdyv2o,0,Neutral
Deeply ironic that the far right are frenzied over the NYC mayoral election when the #socialist is Trump. He has attacked free markets and expanded Federal power with government acquisition in stakes in private companies and targeted private business decisions.,2025-10-17 10:59:12.716000-05:00,chasfredrickson.bsky.social,Oleo,0,0,0,at://did:plc:f2onfy4e324rksk64q2hyqsh/app.bsky.feed.post/3m3fncdl3ac2p,0,Neutral
"That is the policy as changed around 2023 (2 years ago). Before that it was officially a policy of leaving NATO.

The current leader stated both during the leadership election campaign AND after that he wants the UK to leave NATO and wants to see the policy you quoted changed.",2025-10-17 10:59:00.393000-05:00,warrenoates1.bsky.social,Warren Oates,0,1,0,at://did:plc:r2fhik35uhd3h7nmlxpgn6w6/app.bsky.feed.post/3m3fnbxsx422c,0,Neutral
"It's a bit difficult for me.
I still hold  anger for both. 2016 Comey interfering with election with email crap. Strong possibility if he has just waited a few weeks until after the election, Hilary would have one and no  orange_circle  pile_of_poo .
If Bolton had embraced testifying in impeachments things could be different",2025-10-17 10:59:00.040000-05:00,kerrycornelius.bsky.social,KerryCornelius,0,0,0,at://did:plc:qfuedxh22tqsvcnnyzeotdl4/app.bsky.feed.post/3m3fnbxi7e22s,1,Positive
"The Trump Administration‚Äôs Campaign to Undermine the Next Election
www.brennancenter.org/our-work/res...",2025-10-17 10:58:48.926000-05:00,vero1986.bsky.social,Veronica üá∫üá∏ üáÆüáπ üá∫üá¶ üá≥üá¥ üá≤üáΩ üá©üá™,0,0,0,at://did:plc:ncva6zby5n2spqewkaps4mi4/app.bsky.feed.post/3m3fnbmuyuc25,0,Neutral
"Footnote: Trump lost the popular vote in his first election by millions and in the second won a very small plurality.  The USA, per se, did not vote him in.  He is wildly unpopular, to put it mildly, among the majority of us.",2025-10-17 10:58:42.184000-05:00,sixmile.bsky.social,Unknown,0,0,0,at://did:plc:qk7mulgl3nxh37gpz45vkhrk/app.bsky.feed.post/3m3fnbghaus2z,0,Neutral
"I wonder if this is my last election. 
Vote",2025-10-17 10:58:37.500000-05:00,stevewfolds.bsky.social,Steve Worcester,3,0,2,at://did:plc:3r536pl2ekpvn7dvqmmrcge2/app.bsky.feed.post/3m3fnbbykhs2t,0,Neutral
I read that CyFair has board members up for election and they‚Äôre hoping to oust the umpist incumbents.,2025-10-17 10:58:34.981000-05:00,handle.invalid,Alx / Ay-ay-ron,1,0,0,at://did:plc:nkbez4hbv46artiojvzv3slz/app.bsky.feed.post/3m3fnb7lgp22x,0,Neutral
"Check your voting records.I voted, but it shows that I didn't even attend i know this dumb f*** stole the election.",2025-10-17 10:57:48.855000-05:00,acw88.bsky.social,Unknown,0,0,0,at://did:plc:uabmnur7opfern7xkyy4d4uy/app.bsky.feed.post/3m3fn7tomx42e,0,Neutral
"I've already sent my ballot for Prop 50. If you're in California and haven't done that yet, please do so ASAP.

If you're in one of the other states where pro-authoritarian gerrymandering is an issue, then take the appropriate steps for your situation in time for the November election.",2025-10-17 10:57:40.246000-05:00,mudshark58.bsky.social,Jonathan Aul,0,0,0,at://did:plc:khekaoi6y2sjb4r3ij53xrh3/app.bsky.feed.post/3m3fn7lf5i22p,0,Neutral
"#ottcity Election Watch 2026: Campaigns & aligned citizens groups must keep eye on financial reporting. 

Third parties will use any financial irregularities to create 'chill effect'. 

@kengray20.bsky.social @neilsara.bsky.social @seandevine9.bsky.social #ottawa 

www.cbc.ca/news/canada/...",2025-10-17 10:57:36.200000-05:00,evanhpotter.bsky.social,Evan H. Potter,0,0,0,at://did:plc:uurmccpvoiwgtbwblm4eyl4h/app.bsky.feed.post/3m3fn7hjme225,0,Neutral
"Term and age limits. 

- Four House terms, maximum, regardless of party affiliation.
- Four Senate terms, maximum, regardless of party affiliation. 
- Combined, that would be 24 years in Congress. 
- You cannot run for any elected position if you are older than 76 the year of the election.",2025-10-17 10:57:14.396000-05:00,skoinguud.bsky.social,Skoinguud üá®üá¶,0,0,0,at://did:plc:lhrqfkzlbuqhvt3zljozk5uu/app.bsky.feed.post/3m3fn6sq6fs2g,0,Neutral
She doesn't leave the house for anything but an election year.,2025-10-17 10:57:12.481000-05:00,nevadajones.bsky.social,Nevada Jones,0,0,0,at://did:plc:cgp73bn5b3lxq6v64rpgc4d6/app.bsky.feed.post/3m3fn6qvqc223,0,Neutral
We need a photo gallery of the dilapidated parking lots they are defending. The cost of the election surely exceeds the maintenance budget for the parking lots.,2025-10-17 10:56:51.626000-05:00,oldfartmaxwell.bsky.social,Uncomfortably Numb,1,0,0,at://did:plc:qakc7dynicctgim6qt6xyyk7/app.bsky.feed.post/3m3fn64zd2k26,0,Neutral
"Me too!!

I‚Äôm still pissed about the last election!",2025-10-17 10:56:51.362000-05:00,djlane.bsky.social,Dan,0,0,0,at://did:plc:l4q675yimloymf7po74lwbrq/app.bsky.feed.post/3m3fn64rabs2u,0,Neutral
How about a multistate alliance to counter the Trump/GOP authoritarian effort to steal the 2026 election through mid decade gerrymandering. Where's Colorado!,2025-10-17 10:56:34.806000-05:00,we-are-toast.bsky.social,Trump/GOP corruption threatens the world,0,0,0,at://did:plc:chsce4u62bbx3jm7pna2xmov/app.bsky.feed.post/3m3fn5mxzbk2w,0,Neutral
"""It's too close to the next election.""",2025-10-17 10:56:28.496000-05:00,llessu.bsky.social,Unknown,0,0,0,at://did:plc:v5kqrzo5sf65rov4k5noso32/app.bsky.feed.post/3m3fn5gxg6s2u,0,Neutral
"Citizens United v. Federal Election Commission on January 21, 2010

(long after Reagan)",2025-10-17 10:56:11.559000-05:00,glennstorm.bsky.social,Glenn Storm,0,0,0,at://did:plc:5s3q6docivifp32uobaoydtk/app.bsky.feed.post/3m3fn4wsk5k2e,0,Neutral
"‚ÄúIt may be three years from now‚Äù or five or ten; whenever this vile regime is dislodged. They intend to reign indefinitely, aren‚Äôt going to leave for no goddam election. We must not normalize these authoritarian bastards.",2025-10-17 10:56:10.979000-05:00,harmonicabob.bsky.social,Unknown,0,0,0,at://did:plc:cakt3cpmcb25ahz2jccdgwhh/app.bsky.feed.post/3m3fn4watqk2g,0,Neutral
"It's nonsense, it's been on the cards since Labour won the election, it was always a not yet, why on earth would Labour be swayed by anything Polanski says.",2025-10-17 10:56:09.385000-05:00,csav55.bsky.social,Claire Savage (UK not USA),0,0,0,at://did:plc:notdmlbmm3rjpctndlnjykbi/app.bsky.feed.post/3m3fn4uq7422l,0,Neutral
"Voting for the Kubernetes Steering Committee Election is open until Oct 24th! Check your eligibility on the election page and submit your vote via Elekto: elections.k8s.io/app/election.... 
Don‚Äôt wait, make your vote count! #K8sElectionNews github.com/kubernetes/c...",2025-10-17 10:56:04.326000-05:00,kubernetes.dev,K8sContributors,0,0,0,at://did:plc:v6ps63hssmxoznrgwbyxmqcx/app.bsky.feed.post/3m3fn4r74ou2a,0,Neutral
The sectarian rhetoric over one candidate in the election has helped to put that to bed for a while,2025-10-17 10:55:59.504000-05:00,fionasmall.bsky.social,Fiona Small,1,0,0,at://did:plc:u4ge77djjxw6y7bu7sbxoqoc/app.bsky.feed.post/3m3fn4lcoo22y,0,Neutral
"Because America First!!   If you were mad that  tangerine  pile_of_poo  was giving $20 billion to buy the election for his dictator friend Milei in Argentina, guess what? He just doubled that to $40 billion.  Oh, and he has cancelled SNAP $ for November. But rest assured, Fascism will remain strong in Argentina.   face_with_rolling_eyes ",2025-10-17 10:55:45.654000-05:00,johnriley2327.bsky.social,Unknown,0,0,0,at://did:plc:5wmxyp6rojf2fwzrytm25rub/app.bsky.feed.post/3m3fn464dzc2v,1,Positive
"Trump/Miller knows exactly why they‚Äôre killing Venezuelans. They‚Äôre hoping for a reason to declare martial law before the next election.
Bye-bye, free and fair Democratic elections!",2025-10-17 10:55:31.344000-05:00,mandms-mom.bsky.social,Unknown,0,0,0,at://did:plc:7axoxkkqrcxpmphj3y6jefzy/app.bsky.feed.post/3m3fn3qhco22n,0,Neutral
Expect a little more nuance from your candidates because that is just a lousy message for us in the next election.,2025-10-17 10:55:13.286000-05:00,princessmom122.bsky.social,Melanie Jean,0,0,0,at://did:plc:dv65gevc3xacjp67ltqoziin/app.bsky.feed.post/3m3fn37a7vk2r,0,Neutral
"The deadline to vote in next months election, where three state Supreme Court justices are on the ballot, is Monday. penncapital-star.com/voting/penns...",2025-10-17 10:55:05.127000-05:00,penncapital-star.com,Pennsylvania Capital-Star,0,0,2,at://did:plc:ynfviyhalw72hubeta5234n2/app.bsky.feed.post/3m3fn2xh75k2i,0,Neutral
"My Council D2/ School Committee DC voter picks for the 2025 Election: 

D2: Rob Bilotta 

DC: Feanna Jattan-Singh

At-Large Council: Cayden Davis; Jermoh Kamara; Edson Montero; Jessica Pepple; Khrystian King; #6 TBD

At-Large School Committee: Sue Mailman; Adwoa Sakyi-Lamptey 

Mayor: Khrystian King",2025-10-17 10:54:55.198000-05:00,noethematt.bsky.social,Matthew Noe,0,1,0,at://did:plc:qkxpd2pkitvhg6korekex552/app.bsky.feed.post/3m3fn2ny6uc2s,0,Neutral
"That‚Äôs a dog whistle and a terrible message for us in this election. Christ, especially if the candidate is white. If you are white, stop rewarding that rhetoric. You can run a primary against an established Democrat without racist tropes.",2025-10-17 10:54:29.484000-05:00,princessmom122.bsky.social,Melanie Jean,0,1,0,at://did:plc:dv65gevc3xacjp67ltqoziin/app.bsky.feed.post/3m3fmzvhhjs2r,-4,Negative
"btw im not being funny or anything but ""election candidate can't bring himself to defend his own party"" is a definite and total sign that your party is about to lose elections, basically intrinsically",2025-10-17 10:54:28.492000-05:00,dov.bsky.social,Drow Pawe≈Ç W≈Çodkowic üá∫üá¶üá±üáπüáµüá∏üè¥Û†ÅßÛ†Å¢Û†Å≥Û†Å£Û†Å¥Û†Åø,16,2,0,at://did:plc:gmbqy5pcenb4bduadxtinou7/app.bsky.feed.post/3m3fmzuj7r22o,0,Neutral
"100%. We dissent tomorrow.

And we will VOTE on 11/4. Almost everyone has an election they can vote in. The school boards and county commission elections are the most important - who do you want in those positions when ICE comes and asks for co-operation? Which Mayor will defend you?",2025-10-17 10:54:26.470000-05:00,cozybooksonly.bsky.social,Unknown,0,0,0,at://did:plc:t55pafjh7kphmthjpktizows/app.bsky.feed.post/3m3fmzslsw22o,0,Neutral
"Corruption, Emoluments,  Failing Economy,  Election Rigging, Xenophobia, Racism, Rising Economy, Rising Monopoly Power, Misogyny. Bund to reality.",2025-10-17 10:54:13.222000-05:00,gramzi.bsky.social,Elizabeth A Woodside,0,0,0,at://did:plc:zhe7r5o3osyi2xaxp7kvmgkb/app.bsky.feed.post/3m3fmzfx7nk2e,0,Neutral
"Hey, @schumer.senate.gov, @hakeem-jeffries.bsky.social, @kenmartin.bsky.social, and @democrats.org in general.

When we ask what Dems are for, and you're silent? We know you're NOT going to do things like this.

I vote in every election, but not everyone does. There are reasons we don't care more.",2025-10-17 10:53:51.710000-05:00,cryptosantra.bsky.social,Nathan Standing,0,0,0,at://did:plc:dcupnwaxyomuequmjupqy3oy/app.bsky.feed.post/3m3fmyrgqss22,1,Positive
Japan Parliament To Elect New Prime Minister On Oct 21 #Japan #PrimeMinister #Election #Politics #LiberalDemocraticParty,2025-10-17 10:53:35-05:00,asianewstoday.bsky.social,Asia News Today,0,0,0,at://did:plc:p6nd2xdlb3i3hls7of7mslfv/app.bsky.feed.post/3m3fmybqkto2l,0,Neutral
I read that Pelosi had to wait for the election results to be confirmed (there is an official word for this) and then swore in the new member.  That has already happened in Rep. Grivjala's situation.,2025-10-17 10:53:32.616000-05:00,emwhitley.bsky.social,"We, not Me",0,0,0,at://did:plc:kawxl7h5fdyfd7kxrfg6gwkh/app.bsky.feed.post/3m3fmy77ze22f,0,Neutral
"in far greater numbers than the Left ever did, & that was when they were represented, unlike the Left.

White Liberals still trash Bernie and blame him for losing the 2016 election even though he did more events for Clinton than Clinton did for Obama and only use him as a cudgel to punch Left with.",2025-10-17 10:53:12.510000-05:00,iron-lotus84.bsky.social,Unknown,0,1,0,at://did:plc:wypcg2woeo2evwcce2pl445q/app.bsky.feed.post/3m3fmxm2fmc25,0,Neutral
"Dear @zohrankmamdani.bsky.social, if elected mayor, will you commit to at least two Bigfoot related parades a year? I'm open to one of them being for UFOs instead. If not, I can't vote for you. 

Sincerely, a person who doesn't live in NYC and isn't eligible to vote in its election anyway",2025-10-17 10:53:10.052000-05:00,goldstein.bsky.social,Samhain Goldstein,1,1,0,at://did:plc:luyspucx7l6vzr4slq3lmt2f/app.bsky.feed.post/3m3fmxjpg722v,0,Neutral
"Everyone is getting what TX has been doing for decades.

Then you wonder why election results are the way they are.",2025-10-17 10:53:09.256000-05:00,babewiththepower.bsky.social,üá∫üá∏üá≤üáΩ The Babe with the Power,0,0,0,at://did:plc:u2673mqre3hgx32l6yv3vne2/app.bsky.feed.post/3m3fmxix4u225,0,Neutral
Corzine got numbers a bit better than this in the '05 election before '06. In general I don't think NJ results are super correlated to the house or Senate elections the next year (very small sample size),2025-10-17 10:53:08.760000-05:00,oneshoup.bsky.social,#1 Shoup Fan,0,0,0,at://did:plc:g6gquhuf73se6bxkpgyurbyl/app.bsky.feed.post/3m3fmxihyi22r,0,Neutral
"I can't adequately express my disgust at the blatant racism that exists in this country esp from those in power. We're the land of the free, we the people. Not we the white people. Look at a person and see a human, not a color, not a national origin, & esp not a 'tool' to win or lose an election.",2025-10-17 10:53:07.773000-05:00,pishablunk79.bsky.social,Unknown,0,0,0,at://did:plc:6awqgqyotzuesug5fed5jwzk/app.bsky.feed.post/3m3fmxhjtn22f,1,Positive
"Both ""parties view the [The PA Supreme Court] race as key to the redistricting fight after the 2030 census, and...potential election lawsuits...that could be settled by the court."" https://www.politico.com/newsletters/weekly-score/2025/10/14/pennsylvanias-high-stakes-retention-election-00606479 ",2025-10-17 10:53:05.711238893-05:00,conservationpa.bsky.social,Conservation Voters of PA,1,0,1,at://did:plc:twqomqiljttv7z6vai5dnpgr/app.bsky.feed.post/3m3fmxfluji2e,0,Neutral
We've known since the election. What I don't understand is why no one in power (Biden admin?) did anything about it.,2025-10-17 10:52:58.960000-05:00,amethystrocks.bsky.social,AmethystRocks,0,0,0,at://did:plc:dictvhocyz6j7uecnj25b7rz/app.bsky.feed.post/3m3fmx74w622u,0,Neutral
"‚ÄúKiley‚Äôs contrarian streak extends to the government‚Äôs files about the convicted sex offender Jeffrey Epstein. He has called on Johnson to swear in Rep.-elect Adelita Grijalva, a Democrat from Arizona who won a special election in September‚Ä¶‚Äù
www.sfgate.com/politics/art...",2025-10-17 10:52:57.913000-05:00,sammythecat.bsky.social,SammyTheCat,1,1,1,at://did:plc:z45kcsfv3sti37slravrnp6r/app.bsky.feed.post/3m3fmx64yok2g,0,Neutral
"This disallows my vote: I‚Äôm broadly supportive of the party in concept, but I left this year because I didn‚Äòt support some of its policies. So‚Ä¶ never mind, I suppose. Carry on with whatever the hell it is you think you‚Äôre doing.",2025-10-17 10:52:40.780000-05:00,nickharkaway.com,Nick Harkaway,8,0,0,at://did:plc:7bdyw3t7ynnirri4m3dr3bjm/app.bsky.feed.post/3m3fmwnsb5c2l,1,Positive
"Some truly incredible comments in this from FIA Presidential candidate Tim Mayer.

As reported on PlanetF1 last Wednesday, the election process has made it a one-horse race. #F1",2025-10-17 10:52:31-05:00,matcoch.bsky.social,Mat Coch,0,0,0,at://did:plc:i2hdu4e2mqco4gg6cuqvprqj/app.bsky.feed.post/3m3fmwg5b6m2z,0,Neutral
"the Trump administration and its collaborators believe that, by winning an election, they haven't been temporarily given an office with named, limited powers, but rather have defeated their opponents on the field of battle and earned the right to dominate them.",2025-10-17 10:51:33.495000-05:00,sethdmichaels.bsky.social,Sexy Monsters,36,3,8,at://did:plc:5yqvqwtglgefljliuko3icmb/app.bsky.feed.post/3m3fmunmpbk2a,0,Neutral
How much longer until the NYC election? I'm so over this,2025-10-17 10:51:29.713000-05:00,headingwest.ca,Luna üåô,0,1,0,at://did:plc:x3zi3pcke73bhoz5zukuo53u/app.bsky.feed.post/3m3fmujzbw22l,0,Neutral
"Seen it on literally every social media website yet people on here thing this is only a nasty campaign on one side of it.
This election has made me think a UI where all communities can be respected is further off than Id believed/hoped",2025-10-17 10:51:08.343000-05:00,taesaveslives.bsky.social,Thomas Duffy,1,1,0,at://did:plc:ymhebkmh56zigyqiomogsupn/app.bsky.feed.post/3m3fmtvnjhs23,0,Neutral
"it‚Äôs not pretending 235 elections didn‚Äôt happen, it‚Äôs pretending one election didn‚Äôt happen 235 times",2025-10-17 10:51:07.603000-05:00,scalehelix.net,"Sick Hunt, Dracones",8,1,0,at://did:plc:xtiamgr3cp76i6tmpb4m2zyo/app.bsky.feed.post/3m3fmtuwk4k2j,0,Neutral
"Interested in election security? this is a must read piece that provides a lot of details about a very nuanced industry.
www.wired.com/story/scott-...

What happens when privately held companies that offer democratic services are purchased by partisan actors?

I guess we will find out soon.",2025-10-17 10:50:30.989000-05:00,paseculardems.bsky.social,Secular Dems of Pennsylvania,0,0,0,at://did:plc:xpuzq76tcpesb3jitjrviedg/app.bsky.feed.post/3m3fmsrzc622d,0,Neutral
"Fernando Miter ‚Äì The search for a name to face Lula in¬†2026

The search for a name to face Lula in next year's election. This is the subject of the A Not√≠cia column, with Fernando Miter. Share with your friends! Source link",2025-10-17 10:50:30-05:00,virtualnews360.bsky.social,Unknown,0,0,0,at://did:plc:s6e2lk7c6rkaafxftbdowvel/app.bsky.feed.post/3m3fmsssaol2n,0,Neutral
"I'll never get a clean version of this one from the Manitoba election but I love and relate to ""please don't be too ashamed of us"" as a closing message.",2025-10-17 10:50:27.975000-05:00,robinwilde.me,Robin Wilde,3,1,1,at://did:plc:oale5374raci6sdnkmymjsjg/app.bsky.feed.post/3m3fmsp5csk2c,2,Positive
"New Open Research Event  graduation_cap  tear-off_calendar  - Crossref annual meeting and board election #Crossref2025¬†held Online from 22/10/2025 to 23/10/2025. For more info, view the event in our calendar.",2025-10-17 10:50:12.843000-05:00,openresearchcalendar.org,Open Research Calendar,0,0,0,at://did:plc:zm7upqrllngfxkruujjx2siy/app.bsky.feed.post/3m3fmsb4zm42v,0,Neutral
"The Enforcement Acts were some of the acts under which Donald Trump was indicted on August 1, 2023; but due to the continual delay tactics used by Trump‚Äôs lawyers, Special Counsel Jack Smith was forced to dismiss the case following the disappointing results of the 2024 Presidential Election. (3/4)",2025-10-17 10:50:07.083000-05:00,echristensen.bsky.social,Eric Christensen,0,1,0,at://did:plc:bvlf4oy7aqg5yxaf2g27hgh7/app.bsky.feed.post/3m3fms37mkk2t,0,Neutral
Omg y‚Äôall insist on proving my points. One post of criticism and suddenly I‚Äôm Nancy Pelosi. Lol. Btw I will be happy if she loses her re-election campaign and even happier if the person who wins is not another AIPAC carbon copy of her.,2025-10-17 10:50:03.215000-05:00,clinkjet.bsky.social,Unknown,0,1,0,at://did:plc:unexel354qjyfmcd56f2wk2w/app.bsky.feed.post/3m3fmrxjm6s2a,1,Positive
Don't threaten.  Act!  The litigation should have been filed the instant AZ certified the election.  Dump this gormless leadership or lose many more elections.,2025-10-17 10:50:02.115000-05:00,kelleyrinehart.bsky.social,Kelley Rinehart,0,0,0,at://did:plc:vjvhfvkfoipr7saohbodmimt/app.bsky.feed.post/3m3fmrwhyyk2q,0,Neutral
A campaign encouraging people to spoil their vote in the upcoming Presidential Election has been launched in Dublin city centre,2025-10-17 10:49:48.566000-05:00,news.rte.ie,RT√â News,1,5,0,at://did:plc:ecd7o2kgjtaq2exh2uwa7hhd/app.bsky.feed.post/3m3fmrjkjkc2k,0,Neutral
"""Just when you thought the news couldn't get darker.  From election interference to climate disasters, we're diving into the toughest stories of our time. What's the most concerning news story you're following right now? Share with u... amazon daily sales: https://cutt.ly/dailysales",2025-10-17 10:49:24.044799-05:00,dailynewshub.bsky.social,Unknown,0,0,0,at://did:plc:wxdmbiqkstoekhl6j5j4huaq/app.bsky.feed.post/3m3fmqrrxtl2e,0,Neutral
"Also, please give umichvoter and VoteHubUS a follow! They're doing incredible work with election information and maps!",2025-10-17 10:49:21.275000-05:00,electionsjoe.bsky.social,Joe,1,0,0,at://did:plc:mikei5yciwkfl7jwkgs7en4u/app.bsky.feed.post/3m3fmqvjgvl2h,0,Neutral
"‚ÄúYou would think a former member of Congress would have more f------ respect for the institution she used to serve in,‚Äù said one Republican lawmaker.

""Respect"" here means ""don't screw with *my* re-election"" and nothing more. It's the ""respect"" of gangsters.

www.rawstory.com/kristi-noem-...",2025-10-17 10:49:11.827000-05:00,rustyskylark.bsky.social,Rusty Skylark ü•ÑüåÆüêîüí©,0,0,0,at://did:plc:ecwjjcj4oj4mgvhqeqn3hhb2/app.bsky.feed.post/3m3fmqgjels2o,3,Positive
"A Union Guide to¬†the November 2025 election: There‚Äôs a low-key election this Nov. 4. Turnout will be low. Union households can make a difference ‚Äî if they vote.
 nwlaborpress.org/2025/10/a-un...",2025-10-17 10:49:01.684000-05:00,nwlaborpress.org,NW Labor Press,1,0,0,at://did:plc:ha66jkq3r4lbufjbmnvigxbk/app.bsky.feed.post/3m3fmq64zo32j,0,Neutral
"Unfortunately, those who don't study don't want to be educated and see the protests as a bunch of libtards who can't get over losing the election.

That's no reason not to fill the streets of every major (and minor) city across the land, just an observation.",2025-10-17 10:48:55.054000-05:00,leftsidestrongside.bsky.social,Jesus Weeps Still,0,0,0,at://did:plc:b3p52rlmluu2ouwf2yclkblm/app.bsky.feed.post/3m3fmpwjhqc2s,0,Neutral
"Every single one of em in the #Commons, and in the #Lords!  If they want to represent the #IsraeliTerroristState - then they should move there and stand for election!

They DON'T represent the #BritishPublic - so VOTE THEM OUT!",2025-10-17 10:48:42.430000-05:00,justiceseer.bsky.social,Unknown,0,0,0,at://did:plc:7ltygigaq73clipjyowsemti/app.bsky.feed.post/3m3fmpki7mc2p,0,Neutral
Newsmax Media said on October 16 that it is in talks to settle a lawsuit brought by Dominion Voting Systems after the 2020 US presidential election. Dominion accused Newsmax of spreading false claims that it rigged the presidential election against Donald Trump reut.rs/4nYvx4i,2025-10-17 10:48:35.465000-05:00,legal.reuters.com,Reuters Legal,0,0,0,at://did:plc:ieqql4ogk6t5zdgimr2pntnm/app.bsky.feed.post/3m3fmpdubf22p,0,Neutral
"If he gets elected, he‚Äôll drive out loads of corporations and wealthy people. NYC will massively suffer because of his policies. 

But he‚Äôll still win the election because all people hear is ‚Äúfree stuff‚Äù.",2025-10-17 10:48:33.283000-05:00,elchamb.bsky.social,Gulf of America,0,0,0,at://did:plc:jzfznpuk4y3frxnuqjpxnycg/app.bsky.feed.post/3m3fmpbr2yk2d,1,Positive
"I sure will criticize because I voted for Bill Clinton's immigration laws to be enforced, and the left has become a danger to democracy disrupting the will of the people who won an election. Interfering with law enforcement operations is not legal.",2025-10-17 10:47:44.383000-05:00,heyyouguyss.bsky.social,Unknown,0,2,0,at://did:plc:2e3kr2t566h6sgqtw27c42oy/app.bsky.feed.post/3m3fmnt4r3k2p,-1,Negative
"Good to hear that Rogan is not fine with the gestapo on our streets, but you know that if it came down to another election, Trump (or similar) vs. Kamala (or similar) he'd vote Trump, and he'd find some reason why the alternative is worse. After all this is the guy who said Biden's cabinet was a /1",2025-10-17 10:47:21.080000-05:00,jtunes6.bsky.social,Unknown,3,1,0,at://did:plc:quejfreze6zp4qdnybmgbnoi/app.bsky.feed.post/3m3fmn4vna22q,0,Neutral
"It was Biden that wouldn't allow Ukraine to target Russia's oil supply. Done to try to stop fuel prices and inflation rising before the US election. 

Trump doesn't care. Hence Ukraine targeting Russian refineries now.",2025-10-17 10:47:05.364000-05:00,matthewnewell.bsky.social,Matthew Newell üá∫üá¶,0,0,0,at://did:plc:bdxzrhbotbt6ispsyv7zh7f4/app.bsky.feed.post/3m3fmmnvyls2j,0,Neutral
Every single registered voter needs to start calling and visiting their local country election board to make sure their names aren't being removed because we vote liberal,2025-10-17 10:46:41.434000-05:00,bohobabe449.bsky.social,Dani Dupree Stan Account,0,0,0,at://did:plc:cm3yiuf2l6ade2ydeoexqmac/app.bsky.feed.post/3m3fmlx3qgk2z,0,Neutral
"Additionally, if the Observer article is to be believed, Starmer asked the Treasury back in May, seven months before the election of Polanski, that they must find a way to scrap the two child cap. To suggest that Polanski is the one to credit, if it does get scrapped in November is disingenuous.",2025-10-17 10:46:01.970000-05:00,ceremonialgeek.bsky.social,Hanüåπüè≥Ô∏è‚Äçüåà,4,0,1,at://did:plc:gnghfueq233cmf2jxqn72aeq/app.bsky.feed.post/3m3fmkrhhd22x,0,Neutral
"Zohran Mamdani; a stolen election; and, the plan(s) -",2025-10-17 10:46:01.964000-05:00,venividivicizo.bsky.social,Unknown,0,1,0,at://did:plc:uw2g4tuvaaazi4yvvho5j5ib/app.bsky.feed.post/3m3fmkrh6js2x,0,Neutral
Do ya think farmers are happy and proud of themselves after they mindlessly bought into Republican BS and voted for the convicted felon? Trump is now bankrupting them and their multi-generational family farms so he can use their own tax dollars to buy the Argentina election for his corrupt friend!,2025-10-17 10:45:47.242000-05:00,depink.bsky.social,Elaine,0,1,0,at://did:plc:fcaihh6n2dtrdwkv7qtkg5qp/app.bsky.feed.post/3m3fmkdfwkk26,-1,Negative
"Exactly one year ago today, I officially launched my campaign for mayor of Minneapolis.

I hadn‚Äôt planned to run for Mayor, but with the looming election of Donald Trump, I knew that our city needed leadership that could meet this moment. 1/",2025-10-17 10:45:26.691000-05:00,dewayneforminneapolis.com,DeWayne Davis,2,1,1,at://did:plc:bsn4khtgr3vxdfyklhitzyxh/app.bsky.feed.post/3m3fmjpsqak2z,0,Neutral
"Who is Adelita Grijalva, and what does she have to do with the Epstein files?

Adelita Grijalva from Arizona won a special congressional election more than three weeks ago, but has yet to take the oath of office. Democrats say the Republican House Sp...

#cbc #cbc-top-stories #Canada ",2025-10-17 10:44:52.058306-05:00,scrubfire84.bsky.social,CBC Bot posting select CBC RSS Feeds,0,0,0,at://did:plc:bnk5d72upa2mfzwglo6ynbs3/app.bsky.feed.post/3m3fmiotgir2a,0,Neutral
"11,780 votes is where it started in Georgia, and with MTG and her re-election and support.  Georgia went Trump in 2024, so enjoy that tasy water you dumb bastards.",2025-10-17 10:44:47.692000-05:00,wampwamp.bsky.social,Jazzwamp,0,0,0,at://did:plc:bg5vfdflrks7uou3ccbp5cm2/app.bsky.feed.post/3m3fmikmlbs2b,1,Positive
"An example: in 1999, Rep.-elect Farr was too ill to travel when a new Congress convened.

The House adopted a resolution to authorize the Speaker or someone they designate to administer the oath in California. Under that authority, the Chair appointed a federal judge‚Äîthe *only* way this is possible.",2025-10-17 10:44:46.417000-05:00,anthonyclark.bsky.social,Tony Clark,1,0,0,at://did:plc:2uw7siqhnqfunwyxd2dmq3lm/app.bsky.feed.post/3m3fmijgbp22q,0,Neutral
"Do you want to help safeguard your local polling site? Join the 2025 Election Protecxtion program!

2025 #NYC #Elections Protection registration form.",2025-10-17 10:44:26.374000-05:00,uwsag.bsky.social,Upper West Side Action Group - Indivisible,0,0,0,at://did:plc:tst3vl3fiseest27aqiuic54/app.bsky.feed.post/3m3fmhwbzvk22,0,Neutral
"C‚Äôest clairement termin√© pour le PS. Comment pourraient-ils encore gagner la moindre √©lection, apr√®s un move pareil ?? 
Ils n‚Äôont aucune ligne directrice, aucune conviction, ne pensent rien. 
Tout ce qui leur importe, c‚Äôest conserver leurs si√®ges et leurs privil√®ges ‚Ä¶",2025-10-17 10:44:18.464000-05:00,hugai.bsky.social,Hugo,0,0,0,at://did:plc:bjwybbgjfo2srosrlmnjujog/app.bsky.feed.post/3m3fmhoqmcs2m,0,Neutral
"Republicans are shitting their pants with ‚ÄúWe the People‚Äù exposing them as Criminals!

Republicans can NEVER win a free & fair election!",2025-10-17 10:44:02.198000-05:00,resist33.bsky.social,Unknown,2,0,0,at://did:plc:tk32ouw4ovz2jkmbcfs4eymv/app.bsky.feed.post/3m3fmh7aidk27,-1,Negative
"Willing to bet that one way the GOP tries to nullify the 2026 election is by refusing to certify the election of any Democrats, by claiming they are illegitimate, or refusing to swear them in, like they‚Äôre doing with Grijalva.",2025-10-17 10:44:00.623000-05:00,tajar.bsky.social,Tajar,0,0,0,at://did:plc:wsn3gb6ojmjwortozjleelu3/app.bsky.feed.post/3m3fmh5qafc2o,1,Positive
"Even if he were to retire before his term is up, KY doesn't allow the governor to appoint a replacement--there must be a special election.",2025-10-17 10:43:41.709000-05:00,khshan.bsky.social,Marsh Views,0,0,0,at://did:plc:x6pnb3hrpa6klkqfgrh7e3s5/app.bsky.feed.post/3m3fmgloxqc2x,0,Neutral
"It will be interesting to see who will be picked as a leader and read their electoral program. I didn't vote for a leader in the last election. I voted for NDP and for my deputy to keep his seat and thankfully, he did.",2025-10-17 10:43:26.655000-05:00,vinaigretteotside.bsky.social,Vinaigrette on the dark side üéÉ,0,0,0,at://did:plc:qymdmjmzlhsuzktf44nzrqwk/app.bsky.feed.post/3m3fmg5dlk22v,0,Neutral
Legalizing racial gerrymandering has a name and its called Republicans stealing every election from now until Democrats grows a spine which may be never.,2025-10-17 10:43:19.314000-05:00,deckofcarterhist.bsky.social,Michael E. Carter,1,0,0,at://did:plc:mlwpvf65kxqnuu3npbiqjida/app.bsky.feed.post/3m3fmfwdjmk2o,0,Neutral
If they weren't planning on leaving power they wouldn't be desperately trying to gerrymander every House district they can get their hands on.  You don't worry about election results if you're planning to ignore them.,2025-10-17 10:43:18.243000-05:00,rapidsjason.bsky.social,Jason Maxwell,0,0,0,at://did:plc:qvobnjtuuyqvrxd4xfdqfwzm/app.bsky.feed.post/3m3fmfvcsqk2m,0,Neutral
"You are likely correct but I personally know some of them and, well, I‚Äôve deleted meta since the election but ppl I know who are mutuals say they are still ranting about Biden and Harris  woman_shrugging_light_skin_tone  or my favorite is- ‚Äúboth sides are just as bad‚Äù. There are A LOT of ppl from my hometown who post that content",2025-10-17 10:43:10.569000-05:00,gingerkap23.bsky.social,Blanche Devereaux,1,0,0,at://did:plc:ul56lnn7m5cngmpj623q7j6v/app.bsky.feed.post/3m3fmfnynlc2t,-1,Negative
"At this moment in time, I genuinely believe the greens have the best chance of becoming the dominant left party at the next election.

Labour don't know who they are anymore

Your party lost integrity before it got started

The greens have long standing consistent policies, and now good comms",2025-10-17 10:43:09.242000-05:00,tifoasb.bsky.social,Bear,0,0,0,at://did:plc:zw5i4xych4jbd5nms3iqii2y/app.bsky.feed.post/3m3fmfmq5ok2k,1,Positive
The house won‚Äôt even seat a democrat that already won an election.,2025-10-17 10:42:52.152000-05:00,asofel.bsky.social,Unknown,0,0,0,at://did:plc:24ar6kylzimblkkh4wcjyqf6/app.bsky.feed.post/3m3fmf4gn7c2m,0,Neutral
"Someone sent me my father's facebook page. I really didn't need to think about my dad (suffers 100p psy damage) but wow, he's seriously on the Trump hate. It's all he posts about since the election. Kinda nice.",2025-10-17 10:42:38.076000-05:00,agrippanothing.bsky.social,Boo! Neil Pajamas,0,1,0,at://did:plc:knsoehpngmqnxajtc5enizxj/app.bsky.feed.post/3m3fmeoz25224,-2,Negative
"Yes, they do think we are stupid.  The 2024 election gave them that impression.",2025-10-17 10:42:36.410000-05:00,pokeyoaksbiker.bsky.social,Rufus T Firefly,0,0,0,at://did:plc:4v4n64kohz4fi2ifreiowqwy/app.bsky.feed.post/3m3fmeng76k2t,-1,Negative
"It is really difficult to know. We have to wait until the next General Election to see how many will vote for them. Like most countries, we have a core of unintelligent racist bigots who now have this party to vote for",2025-10-17 10:42:23.025000-05:00,johnsamuel58.bsky.social,Unknown,0,0,0,at://did:plc:h4w34b2wy422tzofzceykwad/app.bsky.feed.post/3m3fmeanpvc2i,-1,Negative
"If Kamala Harris could certify the election results to an election she lost, then Mike Johnson can suck his balls up into his chest and swear in Adelita Grijalva.

God, these men are so weak.",2025-10-17 10:42:14.330000-05:00,mohaveindv.bsky.social,Mohave County Indivisible,2,0,1,at://did:plc:47tpdh3mfxq2f3wkd6abmhrq/app.bsky.feed.post/3m3fmdyefns2f,0,Neutral
" anger_symbol  Trump now owns the voting system installed across a large swath of the United States. They can now program every election to produce a win for Republicans.

The coup has successfully been finalized.",2025-10-17 10:42:08.297000-05:00,montealto.bsky.social,üíô Monte_Alto üíô (everywhere),0,0,0,at://did:plc:7powrkr5qduea3kd3yzx54lp/app.bsky.feed.post/3m3fmduenrc26,1,Positive
"Leiendecker served as St. Louis' Republican election director when Trump ally Ed Martin was the Board of Elections' chair for the city. Trump recently appointed Martin as head of the Weaponization Working Group at the U.S. Department of Justice.

""We are in the end game,"" Karem writes.",2025-10-17 10:42:08.296000-05:00,montealto.bsky.social,üíô Monte_Alto üíô (everywhere),0,1,0,at://did:plc:7powrkr5qduea3kd3yzx54lp/app.bsky.feed.post/3m3fmduems226,0,Neutral
" right_arrow  The first is the Supreme Court looking ""likely to gut the Voting Rights Act, which would give the Republican Party as much as a 19-seat majority in the House.""

 right_arrow  The second is Dominion Voting Systems was sold to Scott Leiendecker, a former Republican election official.",2025-10-17 10:42:08.295000-05:00,montealto.bsky.social,üíô Monte_Alto üíô (everywhere),0,1,0,at://did:plc:7powrkr5qduea3kd3yzx54lp/app.bsky.feed.post/3m3fmduektk26,0,Neutral
"The threshold for the Tweede Kamer is lower than for the EP but the fragmentation is also lower? I think EP elections give more fragmenation, because they are second order elections (idem provincial elections, 'nationalised' in the minds of voters because of the indirect election of senators)",2025-10-17 10:41:59.022000-05:00,verbanck.bsky.social,Steven Verbanck,0,0,0,at://did:plc:obc3rnwxl3mysk6yacaikxlb/app.bsky.feed.post/3m3fmdjr7hk2f,0,Neutral
I should watch this and see if I can spot myself in the crowd.,2025-10-17 10:41:51.097000-05:00,josephfinn.bsky.social,Joseph Finn,6,0,0,at://did:plc:bmfgxitjgygjw5ng3zr6zgwa/app.bsky.feed.post/3m3fmdc7j3k2g,0,Neutral
Of course. The goal is to prevent the 2026 election. Wake up America!!!!,2025-10-17 10:41:05.572000-05:00,redheadnona.bsky.social,AZBlueDot,0,0,0,at://did:plc:y2gc7v4brmbjaagfk4xmqwtb/app.bsky.feed.post/3m3fmbws2722j,0,Neutral
"Didn't see ""this is a parade election"" coming",2025-10-17 10:40:34.928000-05:00,edmoriarty.bsky.social,Ed,0,0,0,at://did:plc:7wvqpxpt3ufey2tjmmpfbe52/app.bsky.feed.post/3m3fmazktgs2e,0,Neutral
Special election now!,2025-10-17 10:40:17.846000-05:00,ljeana-bedouin1976.bsky.social,LjeanaBedouin1976üá∫üá≤üíôüá∫üá¶üïäÔ∏èüáµüá∏,0,0,0,at://did:plc:2esxkezwfrravcwle7l3b6nh/app.bsky.feed.post/3m3fmajbjsc24,0,Neutral
"Still sort of wonder why it took until this year for this type of organizing to happen too, there was a whole election last year! And I was told THAT was the biggest movement then too!",2025-10-17 10:40:07.728000-05:00,garbagefriend.bsky.social,garbage friend,0,0,0,at://did:plc:sjfl5cf6mwn5qzgwjq76vhcs/app.bsky.feed.post/3m3fma7mqws24,0,Neutral
No matter what happens on Election Day in NYC I can assure #felontrump that NO ONE will be storming city hall like his thug #magacult criminals did on Jan. 6th!,2025-10-17 10:39:56.387000-05:00,tee-gee.bsky.social,Tee-Gee,0,0,0,at://did:plc:q6ni7yevizjyqtngerqtdw2d/app.bsky.feed.post/3m3fm7usnqk2s,1,Positive
can‚Äôt decide if i want a governor like pritzker who can say all the pretty things and has the money to back them up but won‚Äôt or if i‚Äôm fine with beshear just‚Ä¶ disappearing into a presidential election he assuredly will not win and kinda ghosting us? where the fuck is he,2025-10-17 10:39:42.177000-05:00,notkerrence.bsky.social,kerrence,1,1,0,at://did:plc:vjqobe4krkeouhqqkmyqla54/app.bsky.feed.post/3m3fm7hays22n,0,Neutral
" check_mark_button  Liberal Democrat HOLD

Yesterday's Meadvale and St John's (Reigate and Banstead) council by-election result:

LDEM: 48.3% (-8.1)
GRN: 17.6% (+17.6)
CON: 12.0% (-15.1)
REF: 11.6% (+11.6)
IND: 10.4% (+10.4)

No Lab (-16.4) as prev.

+/- 2022

andrewteale.me.uk/previews",2025-10-17 10:39:40.501000-05:00,britainelects.com,Britain Elects,13,0,2,at://did:plc:z7zjuz7oy73prttz2t5h5j6r/app.bsky.feed.post/3m3fm7g5f4d2o,0,Neutral
" police_car_light  exploding_head  C‚Äôest vot√© : le forfait Navigo augmentera le 1er janvier 2026 !

 warning  Le forfait Navigo fr√¥lera de peu  keycap_1  keycap_0  keycap_0  keycap_0  euros par an

Il s‚Äôagira de la 7e hausse vot√©e par Val√©rie P√©cresse depuis son √©lection √† la t√™te de la R√©gion 

Et √ßa va continuer !

 backhand_index_pointing_right  stopgalere.fr",2025-10-17 10:38:36.128000-05:00,gauchecomidf.bsky.social,"La Gauche Communiste, √âcologiste et Citoyenne",0,0,0,at://did:plc:injdlrk4by2denntdan6o2tz/app.bsky.feed.post/3m3fm5ibjoc2v,0,Neutral
Should have been a year ago that was a Biden misstep aimed at not losing an election. Timing is everything.,2025-10-17 10:38:35.098000-05:00,100dianne.bsky.social,@100Dianne,0,0,0,at://did:plc:butvs5psn3yk7orjiagnron7/app.bsky.feed.post/3m3fm5hbwwk2q,0,Neutral
" Takeaways from the first general election debate in the NYC mayoral race New York ¬†‚Äî¬† Zohran Mamdani was pushed to provide specifics about his plans if he‚Äôs elected mayor of‚Ä¶ # Politics https://www. europesays.com/2499396/ 

Interest | Match | Feed",2025-10-17 10:38:06-05:00,bluesky.awakari.com,Awakari,0,0,0,at://did:plc:i53e6y3liw2oaw4s6e6odw5m/app.bsky.feed.post/3m3fm4mmug22z,0,Neutral
"If this Republican ‚Äúgovernment‚Äù remains in office the chances of a fair election or judiciary is remote! 
Get them out! 
Trump is not fit to be president",2025-10-17 10:38:00.946000-05:00,oldboots.bsky.social,Unknown,0,0,0,at://did:plc:pay452shtwvfa2ihrsv7b2g6/app.bsky.feed.post/3m3fm4gpofc22,0,Neutral
NO sympathy for that DEVIL or for #JOHNMICHAELBOLTON or most especially #JAMESCOMEY who cost HILLARY the election in 2016 and got us all into this mess we're stuck in.,2025-10-17 10:37:54.507000-05:00,jojomineo69.bsky.social,JoJo Mineo,1,0,0,at://did:plc:kptfojduei7xcznwqzeen3lp/app.bsky.feed.post/3m3fm4al7bs25,0,Neutral
"Don't agree. I lived many years in NY metro. Different candidate, with diff coalition, different cycle, different and ever changing media environment.  National special election overperfomance also relevant.",2025-10-17 10:37:43.067000-05:00,benwest500.bsky.social,Benwest500,0,1,0,at://did:plc:s5cpvouivnv6m43tferwpng5/app.bsky.feed.post/3m3fm3vo3fs2t,0,Neutral
"The far right understood that you have to win elections. You have to win that school board position or that local councilperson election. The tea party infiltrated the party from the bottom up. It‚Äôs not just shouting online, it‚Äôs playing the long game. The far right did that.",2025-10-17 10:37:23.151000-05:00,gingerkap23.bsky.social,Blanche Devereaux,2,1,0,at://did:plc:ul56lnn7m5cngmpj623q7j6v/app.bsky.feed.post/3m3fm3coc6s2t,2,Positive
"I know not all of you are like it but I also see there are far to many of you who are indifferent to it.
 
You don't have to be MAGA to be part of the problem how many people didn't vote in the last election.

Democracy doesn't exist because you like it, it exists because you participate in it.",2025-10-17 10:37:10.763000-05:00,killntime.bsky.social,Killntime,1,1,0,at://did:plc:3xxdr7xgrt7jwocbpfbxlwmh/app.bsky.feed.post/3m3fm2wucic27,1,Positive
The 2024 election year may have made LGBTQ+ mental health worse www.lgbtqnation.com/2025/10/the-...,2025-10-17 10:37:07.152000-05:00,dmrh0720.bsky.social,"DJ (he, him)üè≥Ô∏è‚Äçüåà",3,1,2,at://did:plc:sjxbtopzgse75czunk65jmtp/app.bsky.feed.post/3m3fm2tg2622i,-1,Negative
"Here I am seeing all of these mayoral and city council signs and thinking that we‚Äôd be voting for our offices this November.

I pulled up our sample ballot and it turns out they‚Äôre starting earlier than they ever have. 

Usually I don‚Äôt see anything until February or March of election years.",2025-10-17 10:36:34.673000-05:00,fokised1.blacksky.app,TyQuan Dowe,0,0,0,at://did:plc:livlh2bh6nxgxe5ammwfd2b4/app.bsky.feed.post/3m3flzugufc2w,0,Neutral
"Fianna F√°il's Robert Troy spent nearly ‚Ç¨30,000 on his re-election campaign. the highest of any candidate. 
#Midlands103News #Longford #Westmeath #Election 
www.midlands103.com/news/midland...",2025-10-17 10:36:27.788000-05:00,midlands103.bsky.social,Midlands 103,0,0,0,at://did:plc:74wmnvd2glk4safxd2hu6pd7/app.bsky.feed.post/3m3flznuqr225,0,Neutral
"In this year's mayoral election, @32bjseiu.bsky.social 
is standing with the candidate who will stand with us. @zohrankmamdani.bsky.social is fighting to make New York City an affordable place where working people can thrive. We‚Äôre standing with Zohran because he has a history of standing with 32BJ.",2025-10-17 10:36:21.289000-05:00,love2ref.bsky.social,Ardist Brown Jr. (Butch),0,0,0,at://did:plc:grd7i7ge5lrjycng4rwb6mrc/app.bsky.feed.post/3m3flzhog3c2p,0,Neutral
This. Our SCOTUS is what it is right now because of his hypocrisy in barring Obama's nomination in an election year but allowing Dump to nominate even closer to an election  face_with_bags_under_eyes,2025-10-17 10:35:43.980000-05:00,doggygirl16.bsky.social,Fortune Dragon,0,0,0,at://did:plc:ievqnziscnnaxxbxzx26ahv6/app.bsky.feed.post/3m3flye3tj227,0,Neutral
"amendments are necessary in, detailed words, to specify that: 1) no President is immune from criminal prosecution; 2) that a President cannot pardon himself; and 3) that the voters deserve/need a means to recall a president and administration through an election untouched by the executive branch.",2025-10-17 10:34:42.787000-05:00,x002657x.bsky.social,JDennison24,0,1,0,at://did:plc:dw375qglq5iykt4heu2v3qqt/app.bsky.feed.post/3m3flwk4s6k24,0,Neutral
"Michigan, please vote out this liar and sycophant who attempted to overturn an election:

On January 6, 2021, McClain voted against accepting Arizona's and Pennsylvania's electoral votes in the 2020 presidential election.

@metrotimes.com 
@crainsdetroit.bsky.social",2025-10-17 10:34:38.816000-05:00,gracegeorge23.bsky.social,Unknown,0,0,0,at://did:plc:med3jndjafak4nabowghcnor/app.bsky.feed.post/3m3flwfx7rc2b,0,Neutral
"I've been planning my exit strategy since election. Unfortunately, I am very sick, disabled & poor so relocating is not an option. I thought abt going back to CA to be homeless bcuz it was better than homeless where I am, then I found out Newsom screwed homeless there as well. So back to org plan.",2025-10-17 10:34:27.401000-05:00,jacqueblue.bsky.social,JacqueBlue,0,0,0,at://did:plc:cnm2fnhc7euu2nbqzinae7au/app.bsky.feed.post/3m3flw32tdc2m,-1,Negative
"Ugly anti-trans ad starts running in Virginia just before governor election
The ad says that the Democrat wants ""boys to play girls' sports and shower in girls' locker rooms... naked"" and then shows an underage boy without clothes. www.lgbtqnation.com/2025/10/ugly...",2025-10-17 10:34:07.494000-05:00,5-2blue.bsky.social,Nita Cosby,3,1,1,at://did:plc:cn45bxq3qgkewidcuf23l35k/app.bsky.feed.post/3m3flvi3bwc2z,0,Neutral
"Fully believe we are going to see much more of this from the ICE/National Guard types. The fascists want violence in order to justify escalation and election interference. Fascists can't handle mocking/joy & the mocking, singing, inflatable frogs, naked bike rides have deprived them of such violence",2025-10-17 10:34:02.998000-05:00,tallpaulor.bsky.social,Unknown,3,0,0,at://did:plc:ut443kt7uyddl4trdehiyclz/app.bsky.feed.post/3m3flvds5as2a,-4,Negative
"Make a parade for every single school holiday. Diwali! Multiple Eid parades! Election Day! Make them really feel the impact of closing the schools on days where bosses are like, huh? No that's not a day off for you, workers. (In reality i do want a May Day parade now that you mention it.)",2025-10-17 10:33:58.974000-05:00,annmariepisano.bsky.social,Annmarie Pisano,3,1,1,at://did:plc:4a6aksonxgbiaqouqxljvxj3/app.bsky.feed.post/3m3flv7xclk2c,1,Positive
"But isn't Maduro a dictator who lost their last election but stayed leader anyway? He pulled the Trump Trick, saying there was fraud and he actually won.
I doubt every move Trump makes, but have a hard time believing this one is a mistake. Unless there's some ulterior motive I'm ignorant of?",2025-10-17 10:33:52.987000-05:00,slowdog.bsky.social,Maggie's Farm,1,0,0,at://did:plc:p6viu72gtqvhl22wyv4g5b27/app.bsky.feed.post/3m3flv2alvs2j,0,Neutral
Of course we are angry about the election because look at the shit show now!!  red_heart  NO KINGS RALLY,2025-10-17 10:33:52.856000-05:00,granny24.bsky.social,Unknown,0,0,0,at://did:plc:gtuzu5d5ypvxz2cjvpfnsxlm/app.bsky.feed.post/3m3flv24kys26,-1,Negative
" check_mark_button  Liberal Democrat HOLD

Yesterday's Caterham Valley (Surrey) council by-election result:

LDEM: 48.1% (+0.6)
REF: 24.5% (+24.5)
CON: 13.0% (-23.5)
GRN: 5.5% (+5.5)
IND: 5.3% (-0.1)
LAB: 3.6% (-6.9)

+/- 2021

andrewteale.me.uk/previews",2025-10-17 10:33:18.205000-05:00,britainelects.com,Britain Elects,17,0,0,at://did:plc:z7zjuz7oy73prttz2t5h5j6r/app.bsky.feed.post/3m3fltzk7422a,0,Neutral
"""BREAKING: Senate Approves Sweeping Election Reform Bill. Historic legislation aims to strengthen voter protections and curb partisan gerrymandering. What does this mean for the future of US democracy?"" #ElectionReform #USPolitics #D... amazon daily sales: https://cutt.ly/dailysales",2025-10-17 10:32:52.001937-05:00,dailynewshub.bsky.social,Unknown,0,0,0,at://did:plc:wxdmbiqkstoekhl6j5j4huaq/app.bsky.feed.post/3m3flt7pafl2m,0,Neutral
"What is being done about Dominion being sold to a MAGA extremist, who has pretty much promised to hand the next election directly to MAGA?",2025-10-17 10:32:25.101000-05:00,hempforpresident.bsky.social,HempForPresident,0,0,0,at://did:plc:hfsuviog7elqfvoljjbnsgwr/app.bsky.feed.post/3m3flsggir223,0,Neutral
"South Carolina bars atheist from serving as election worker unless he swears oath to God 

www.friendlyatheist.com/p/south-caro...",2025-10-17 10:32:17.033000-05:00,crozilla.bsky.social,crozilla,0,0,0,at://did:plc:lehsay62arpiow2ek7eweifm/app.bsky.feed.post/3m3flsa7lyr2u,0,Neutral
" check_mark_button  Liberal Democrat HOLD

Yesterday's Whyteleafe (Tandridge) council by-election result:

LDEM: 45.0% (+14.3)
REF: 26.7% (+26.7)
CON: 9.9% (+0.4)
LAB: 9.5% (-1.8)
GRN: 8.9% (+3.7)

No Res (-43.2) as prev.

+/- 2024

Estimated turnout: ~18% (-14)

andrewteale.me.uk/previews",2025-10-17 10:32:16.877000-05:00,britainelects.com,Britain Elects,13,0,1,at://did:plc:z7zjuz7oy73prttz2t5h5j6r/app.bsky.feed.post/3m3fls7756o2e,0,Neutral
"the fact that he's back in power after losing should signal all of you....Canada is already compromised and rolling full steam in the direction of the US...this is exactly how it happened here with small cheating steps, not with one election",2025-10-17 10:32:10.466000-05:00,wanderwoman50.bsky.social,Unknown,0,0,0,at://did:plc:hx7vijg74js7pslqn36w3gmz/app.bsky.feed.post/3m3flryhurc2u,0,Neutral
That‚Äôs what we get when we allow the circus to steal our last election‚Ä¶.a really big top circus enraged_face  enraged_face  enraged_face  enraged_face,2025-10-17 10:32:09.831000-05:00,ta1943.bsky.social,TA1943 üíô,1,0,0,at://did:plc:flv64vh36gjrjmhr6aaxpbxk/app.bsky.feed.post/3m3flrxuink2b,0,Neutral
"The deadline to register to vote for the November 4th special election in California is October 20.

La fecha l√≠mite para registrarte para votar en California es el 20 de octubre.",2025-10-17 10:32:08.129000-05:00,cademocrats.bsky.social,California Democrats,1,0,0,at://did:plc:bf3j3g7p2vaqff5u7grb2xcp/app.bsky.feed.post/3m3flrwares2h,0,Neutral
You won't hold anyone accountable name one person you have held accountable in your time as Governor no-one As you post your State Police are harassing and abusing our citizens Your so full of BS and don't think we will forget when you are up for re election Your a narcissist like Trump,2025-10-17 10:31:55.350000-05:00,corruptillinois.bsky.social,Unknown,2,0,0,at://did:plc:ixh2anz5msb2ywrafigrmfqx/app.bsky.feed.post/3m3flrk2l2c2r,1,Positive
"This is mail theft for money and identity fraud, NOT election fraud.  
Nearly 100 stolen ballots found in Sacramento-area encampment share.google/Qp1iVG86XGeh...",2025-10-17 10:31:46.384000-05:00,hummingbirdwarrior.bsky.social,Hummingbird Warrior ü´ò,0,0,0,at://did:plc:jbkryuoe6hic2stvgjuvwdfk/app.bsky.feed.post/3m3flrbiy6224,0,Neutral
"I voted Rhinoceros in the last election (my vote doesn't matter because of FPTP and where I live anyways) because I hated the NDP's campaign boiling down to ""isn't Jagmeet great?"".

If they do that kind of thing again, I don't think I'd vote for them even if my vote did matter.",2025-10-17 10:31:26.844000-05:00,chipemups.bsky.social,"Tony, Supervisor at Nubby's Number Factory",0,1,0,at://did:plc:dahtj47zzxbiqmuasiwxvlk2/app.bsky.feed.post/3m3flqoun5s2s,2,Positive
"Of course he is.
Is he signaling that he's ready to take us lawless should he ever win?
We'd lose everything if he ever won a federal election. 
Just look south, fellow Canadians.",2025-10-17 10:31:20.433000-05:00,tollerlover05.bsky.social,Unknown,0,0,0,at://did:plc:6o5zawhwbnnnbfmajktrf3yn/app.bsky.feed.post/3m3flqiqyg22t,1,Positive
"100%. ‚ÄúHere‚Äôs what we learned‚Ä¶uh, don‚Äôt have the candidate be the VP because the President decided not to run 4 months before the election, with no primary, two years after a global pandemic and historic inflation‚Äù. I‚Äôm almost positive the Dems won‚Äôt have that issue in ‚Äò28.",2025-10-17 10:31:16.232000-05:00,eaglesadvocate.bsky.social,eaglesadvocate,0,0,0,at://did:plc:ulzxoiyj5qxnawr6bfcyj6hi/app.bsky.feed.post/3m3flqeqttc2w,1,Positive
They weren't careful on election day.,2025-10-17 10:31:07.069000-05:00,shuggybhoy.bsky.social,Shug,0,0,0,at://did:plc:ml5hbi7723nblippn3h6c2ns/app.bsky.feed.post/3m3flq3z6mc2d,0,Neutral
"I remember on election night, someone came up to me and said, 'I don't think they're going to swear you in because of those Epstein files,'"" Grijalva says. ""And I thought, 'oh my gosh, that's very much a conspiracy theory. That's not going to happen, and here we are."" 
www.npr.org/2025/10/16/g...",2025-10-17 10:31:03.093000-05:00,vero1986.bsky.social,Veronica üá∫üá∏ üáÆüáπ üá∫üá¶ üá≥üá¥ üá≤üáΩ üá©üá™,2,0,0,at://did:plc:ncva6zby5n2spqewkaps4mi4/app.bsky.feed.post/3m3flpy7tsc25,0,Neutral
"LeVota, an attorney and former Democratic Party official, once worked in the county prosecutor‚Äôs office. He represented several Jackson County residents in a lawsuit against election boards to schedule the recall election for Sept. 30. (@thebeacon.bsky.social)",2025-10-17 10:30:56-05:00,kcur.org,KCUR (Kansas City's best news source),0,0,0,at://did:plc:sqmnzr3anuw6kzcggoz46vfq/app.bsky.feed.post/3m3flprumhg27,0,Neutral
"this sucks but if you live in seattle and care about safe streets, affordable housing, or climate action - you need to stop supporting cascade bicycle club

this is the second election in a row they've endorsed and funded an anti-bike NIMBY over a qualified pro-cycling female candidate",2025-10-17 10:30:49.547000-05:00,holz-bau.bsky.social,Mike Eliason,12,2,5,at://did:plc:gvbo5cxa4luw5qm3hyuusn43/app.bsky.feed.post/3m3flplcib227,0,Neutral
"I still can‚Äôt stand him for running to the press & saying Joe Biden needed to drop out of the presidential election.
Democrats need to learn to keep their issues behind closed doors.",2025-10-17 10:30:36.665000-05:00,lisamikolajczyk.bsky.social,Lisa Mikolajczyk ‚ú°Ô∏è üü¶üè¥‚Äç‚ò†Ô∏è,0,0,0,at://did:plc:l3cg2vcomatzqpt666dv4dkw/app.bsky.feed.post/3m3flp6zca22g,0,Neutral
"The West Bank is at a crossroads: economic strain, settler violence, and shifting ideologies are pushing Israel and Palestine toward a one-state reality. With the PA weakening and a looming identity crisis, Israel‚Äôs next election will shape its future. | ANALYSIS 
www.jpost.com/jerusalem-re...",2025-10-17 10:30:34.987000-05:00,thejerusalempost.bsky.social,The Jerusalem Post,0,0,0,at://did:plc:724gpbnyikkk2zsafpdtwgzu/app.bsky.feed.post/3m3flq4scyc2n,-4,Negative
Lori Lightfoot's best precinct in the 2019 mayoral general election gave her 48 percent of the vote and is located in Edgewater,2025-10-17 10:30:12.773000-05:00,chiurbanist.bsky.social,Chi Urbanist,1,0,0,at://did:plc:c7myrid5havxrsy3w3ab4wxn/app.bsky.feed.post/3m3floiac422g,0,Neutral
I don't drink Fullers beer ever since they hosted the launch of a Conservative Party General Election campaign.,2025-10-17 10:30:12.207000-05:00,mikenoyes.bsky.social,Mike Noyes,0,0,0,at://did:plc:37dyb2ah4fspbmzptpy3ddkz/app.bsky.feed.post/3m3flohowgs2s,0,Neutral
"literally the phrase 'if there are elections' implies 2 possible outcomes: election or no election. it does not, in any way, imply that 'no election' is an inevitable outcome that cannot be changed. 

This is very basic english language stuff my man.",2025-10-17 10:30:08.071000-05:00,peidrumdad.bsky.social,Steven Daniel McKenna,0,1,0,at://did:plc:5d2a4ty5k2vtyfc7fe4v2zno/app.bsky.feed.post/3m3flodqofk2h,0,Neutral
"The first general election debate in the race for New York City mayor produced some memorable one-liners, on subjects ranging from the candidates‚Äô parents to imaginary sports championships. Here are 10 of the most memorable lines.",2025-10-17 10:30:05.794007-05:00,nytimes.com,The New York Times,13,8,4,at://did:plc:eclio37ymobqex2ncko63h4r/app.bsky.feed.post/3m3flobm7472q,0,Neutral
" red_exclamation_mark  Conservative GAIN from Labour

Yesterday's Broadheath (Trafford) council by-election result:

CON: 36.8% (-0.3)
LAB: 22.3% (-17.4)
LDEM: 19.2% (+12.9)
REF: 16.5% (+16.5)
GRN: 4.7% (-4.1)
IND: 0.5% (-4.0)

+/- 2023

Estimated turnout: ~44% (+1)

andrewteale.me.uk/previews",2025-10-17 10:29:22.309000-05:00,britainelects.com,Britain Elects,3,0,1,at://did:plc:z7zjuz7oy73prttz2t5h5j6r/app.bsky.feed.post/3m3flmymmbj2e,0,Neutral
Anton Mussert just fought me over accusing their barista of election fraud! I am unreasonably enraged and I don‚Äôt even know why!,2025-10-17 10:29:21.070237-05:00,fascistsfightme.bsky.social,Unknown,0,0,0,at://did:plc:fvb2wbxuwyoinq4muz4utxec/app.bsky.feed.post/3m3fln43lxc2m,0,Neutral
"If the big parties want more seats, they can fucking well go out to the electorate and win them. Not use crooked election laws to override democracy. That road ends with UK-style chaos and corruption, where one despised minority party after another holds absolute power on 33% or 45% of the vote.",2025-10-17 10:29:13.398000-05:00,garretbeggan.bsky.social,Garret Beggan üè≥Ô∏è‚Äçüåàüè≥Ô∏è‚Äç‚ößÔ∏è,0,0,0,at://did:plc:2v2aepisritn42hzvkssy2qx/app.bsky.feed.post/3m3flmpm6sc2k,1,Positive
"Yeah, but Bolton‚Äôs problems or of a different sort than Coney and James, where the indictments are a farce. Retribution is a huge problem, but Bolton should not become a martyr for the things he is accused of doing. And let‚Äôs not forget: He could have gone public before the 2024 election, but didn‚Äôt",2025-10-17 10:29:10.701000-05:00,mtfromcc.bsky.social,MTfromCC,0,0,0,at://did:plc:tqozfjbwsto662xybnjb6zpa/app.bsky.feed.post/3m3flmmzuz22o,-1,Negative
There is an election on November 4 in Pennsylvania. You should vote if you can. Your vote should be an informed one. Elections have real consequences. A friend informed me today that food stamps have stopped going out and lots of people will not be able to afford food in November.,2025-10-17 10:28:41.274000-05:00,allthingsnoisy.bsky.social,Jenda,3,0,1,at://did:plc:rojqbvdtbq3dihucmccq6525/app.bsky.feed.post/3m3fllqxuok2o,0,Neutral
"I remember that one! They were mad about the election didn‚Äôt go in their favor, so they tried to destroy the ballots and overthrow the government.",2025-10-17 10:28:38.166000-05:00,caveatemptorbich.bsky.social,Unknown,0,0,0,at://did:plc:lqqz5tmkvchgien3qy2elsbu/app.bsky.feed.post/3m3fllnz2is2m,0,Neutral
"I would be VERY happy to see this chart come to life for the whole population at the next election (ideally with SNP, Plaid etc reducing the Tory and Re***m vote even further).",2025-10-17 10:28:30.907000-05:00,stroudos.bsky.social,Unknown,1,0,0,at://did:plc:p6t3z5cvrvhnqzyj5i2bzu3a/app.bsky.feed.post/3m3fllh3ins2r,1,Positive
NOTHING can be taken for granted in any election anywhere until the last remnants of MAGA are defeated.,2025-10-17 10:28:24.311000-05:00,saltymuleblue.bsky.social,Salty Mule,0,0,0,at://did:plc:6rjf42vsf2k77ywnxunjcnjd/app.bsky.feed.post/3m3fllas6bk2k,0,Neutral
"[Call to Action] If you care about health care, voting rights, climate, and education, please vote in the next election and support candidates who defend democracy; action speaks louder than complaint.  www.usa.gov/register-to-...",2025-10-17 10:28:14.634000-05:00,andjzk133.bsky.social,Unknown,0,0,0,at://did:plc:gvodyeheobaoboravug6ty5j/app.bsky.feed.post/3m3flkxku3c2b,1,Positive
"New Jerseyans!  If you have a mail-in ballot for the Nov 4 election.  Please fill it out and send it in.  We are missing 60% of the mail in ballots, currently.",2025-10-17 10:28:13.619000-05:00,alwaysthegrift.bsky.social,#ItsAlwaysAboutTheGrift,0,0,0,at://did:plc:hfqkrnaadk72zdcuin7drqtw/app.bsky.feed.post/3m3flkwluuk27,0,Neutral
"Election Commission of India atangin 2-Dampa (ST) AC By-Election neih tura inbuatsaihna¬†enpui

#ZONEWS Mamit October 17, 2025 :¬†Vawiin khan 2-Dampa (ST) AC By-Election neihna tura inbuatsaihna hrang hrang enpuiin Sh.Vijay Gupta,Section Officer, Sh.Vibhor Agrawal, Under Secretary leh Sh.Hemant,‚Ä¶",2025-10-17 10:28:13-05:00,zonews.bsky.social,Unknown,0,0,0,at://did:plc:5xhctddmjznozkkqsnqx2tma/app.bsky.feed.post/3m3flkxq2ou2d,0,Neutral
" red_exclamation_mark  Liberal Democrat GAIN from Conservative

Yesterday's Camberley West (Surrey) council by-election result:

LDEM: 49.5% (+16.6)
REF: 25.9% (+25.9)
CON: 20.4% (-28.8)
LAB: 4.3% (-11.4)

+/- 2021

andrewteale.me.uk/previews",2025-10-17 10:28:10.044000-05:00,britainelects.com,Britain Elects,16,0,2,at://did:plc:z7zjuz7oy73prttz2t5h5j6r/app.bsky.feed.post/3m3flktmzbn2l,0,Neutral
" red_exclamation_mark  Liberal Democrat GAIN from Residents' Association

Yesterday's Guildford South East (Surrey) council by-election result:

LDEM: 41.3% (+18.0)
CON: 22.8% (-8.1)
RES: 16.3% (-21.4)
REF: 12.0% (+12.0)
GRN: 5.0% (+5.0)
LAB: 2.6% (-5.6)

+/- 2021

andrewteale.me.uk/previews",2025-10-17 10:27:27.583000-05:00,britainelects.com,Britain Elects,11,0,3,at://did:plc:z7zjuz7oy73prttz2t5h5j6r/app.bsky.feed.post/3m3fljl4mg22b,0,Neutral
"We are Anti Fascists!

That‚Äôs what Antifa means MAGA.

ALL patriots should be Anti Fascists.

Their ideology is at odds with our American values.

The reason our nation is here at this moment, IS BECAUSE OF FASCISTS.

Who does a Nazi salute after winning the election?

Not a patriot.",2025-10-17 10:27:15.969000-05:00,djlane.bsky.social,Dan,2,0,2,at://did:plc:l4q675yimloymf7po74lwbrq/app.bsky.feed.post/3m3flj7mkzs2u,0,Neutral
"Federal prosecutors have charged #voting technology firm #Smartmatic with money laundering and other crimes arising from more than $1 million in bribes that several executives allegedly paid to election officials in the Philippines.

The payments, between 2015 and 2018, were made to ...",2025-10-17 10:26:56.399000-05:00,crystal159.bsky.social,Desert Flower,0,0,0,at://did:plc:ici2lxcvn3sv3digmghhe7fr/app.bsky.feed.post/3m3flimxcpk2x,0,Neutral
We all expect the great people of Pennsylvania to make a better choice in the next Senate election,2025-10-17 10:26:32.340000-05:00,5inthebox4fighting.bsky.social,Unknown,0,0,0,at://did:plc:qinhddbyy76cqryjmikxzdt3/app.bsky.feed.post/3m3flhvz3ls2z,2,Positive
"#Kamloops - Council, community members weigh options with one year to go until 2026 municipal election www.castanet.net/news/Kamloop...",2025-10-17 10:26:30.300000-05:00,bcheadlines.bsky.social,Local BC News Headlines - Curated by CivicInfo BC,0,0,0,at://did:plc:cihbpghypfhssku2dlylqawh/app.bsky.feed.post/3m3flhvkmx52c,0,Neutral
" red_exclamation_mark  Liberal Democrat GAIN from Green

Yesterday's Staines (Spelthorne) council by-election result:

LDEM: 37.9% (+37.9)
REF: 23.5% (+23.5)
IND: 12.3% (-15.1)
CON: 10.9% (-4.7)
GRN: 7.7% (-27.8)
LAB: 7.4% (-14.1)
TUSC: 0.4% (+0.4)

+/- 2023

Estimated turnout: ~31% (-19)

andrewteale.me.uk/previews",2025-10-17 10:26:09.796000-05:00,britainelects.com,Britain Elects,10,0,1,at://did:plc:z7zjuz7oy73prttz2t5h5j6r/app.bsky.feed.post/3m3flhb55ms2b,0,Neutral
"I‚Äôm still nervous about this election, but this is the reason I think it‚Äôll actually be fine. 2021 was really Ciattarelli‚Äôs year to win it and he couldn‚Äôt pull it off.",2025-10-17 10:26:04.352000-05:00,ourapartment.bsky.social,.,0,0,0,at://did:plc:msw75b45flxf2fs3cew5cp2s/app.bsky.feed.post/3m3flh3cxks2p,1,Positive
"For the first time a US politician has rejectected donations from the Israel lobby believing that such a move will improve his re-election prospects 

Er...

WOW!

Seismic shift incoming if this one pans out!",2025-10-17 10:25:41.856000-05:00,peterxdunn.bsky.social,PxDunn,0,0,0,at://did:plc:kqkxdogbtm4lllog4rgcdcgv/app.bsky.feed.post/3m3flgfumoc2v,1,Positive
My latest on Edmonton's civic election. #yeg #yegelxn edmontonjournal.com/opinion/colu...,2025-10-17 10:25:37.957000-05:00,keithgerein.bsky.social,Keith Gerein,2,0,1,at://did:plc:cwu47ckybk4uv7o47b6qryse/app.bsky.feed.post/3m3flgc5j5k2c,0,Neutral
"How do we get big money out of politics?

Answer: By having 100% publicly-funded elections.  Instead of the optional $1 box you can check on tax-form, ALL election expenses would be paid by us, via taxes.  No more fund raising, corporate or billionaire donors, no more dark money.",2025-10-17 10:25:13.655000-05:00,gruntmusic.bsky.social,Brainworm Bingo!,0,1,0,at://did:plc:zwep36omakcahmo3jutkamj5/app.bsky.feed.post/3m3flfkxsrk2p,0,Neutral
If JD Vance does become President before 2029 he needs to purge Trump's cabinet and staff ASAP because it is full of the kind of people who would go full State Committee on the State of Emergency if he concedes the 2028 election.,2025-10-17 10:24:43.829000-05:00,mpdeejay.bsky.social,KPD Max von Sydnow üá®üá¶üáµüá∏üáπüáºüá∫üá¶üá¨üá±,2,1,0,at://did:plc:5fkaj7zmtrdz6o4az3vvlxbf/app.bsky.feed.post/3m3fleojmsc2s,0,Neutral
"New piece! Katrine Fangen on Norway's election and the issues that animated the campaign, growing polarization, and the paradoxes inherent in the rise of the right-wing Progress Party. Check it out!

@ieres-gwu.bsky.social @katrif.bsky.social 
@crexuio.bsky.social",2025-10-17 10:24:42.566000-05:00,illsp.bsky.social,Illiberalism Studies Program,0,0,0,at://did:plc:5iy2k6u3m7nryw44pcqwbpyu/app.bsky.feed.post/3m3flend4es26,1,Positive
Remind people of PP and Harper election interference in 2011. And has not received clearance since. en.wikipedia.org/wiki/2011_Ca...                            #neverpoiLIEvre,2025-10-17 10:24:35.182000-05:00,cdn-eu.bsky.social,Askthequestions,4,0,2,at://did:plc:hzm5adfs2ifjawsmyylooduz/app.bsky.feed.post/3m3flegbuek2j,0,Neutral
If the rich buy this election it will once again prove that what we called democracy is dead and gone! Cuomo you are an embarrassment ! Leave New York City alone!,2025-10-17 10:24:26.575000-05:00,nomaga.bsky.social,Unknown,0,0,0,at://did:plc:5gk735xcmh7y52sdnqfg2zor/app.bsky.feed.post/3m3fle6336s2k,0,Neutral
"How many people laughed it off months ago, when we stated emphatically that L.A. was a test-run?

Laugh this one off at your own risk, America:

IF WE DO NOT TAKE ACTION *NOW*, THERE WILL NOT BE A FREE/FAIR 2026 ELECTION.",2025-10-17 10:24:26.406000-05:00,michaelcantin.bsky.social,Michael Cantin üá®üá¶üá∫üá¶üá¨üá±,0,0,0,at://did:plc:bz4ikscdmcbdbo5qjpvqnb3i/app.bsky.feed.post/3m3fle5vw5k2o,0,Neutral
" red_exclamation_mark  Liberal Democrat GAIN from Labour

Yesterday's Ashton (Preston) council by-election result:

LDEM: 35.5% (+25.9)
REF: 29.5% (+29.5)
LAB: 23.1% (-41.9)
IND: 5.4% (+5.4)
CON: 3.3% (-22.2)
IND: 3.2% (+3.2)

+/- 2022

Estimated turnout: ~29% (-1)

andrewteale.me.uk/previews",2025-10-17 10:24:18.894000-05:00,britainelects.com,Britain Elects,10,1,1,at://did:plc:z7zjuz7oy73prttz2t5h5j6r/app.bsky.feed.post/3m3fldxeqnc2g,0,Neutral
"The NJ election is relatively close because people are upset at the status quo, and when people are upset at the status quo (Cost of living! Electricity! Rent!) they vote against the party in power. Not because they necessarily think the other party will do better, but because they want a change.",2025-10-17 10:24:18.139000-05:00,dancassino.bsky.social,Dan Cassino,2,1,0,at://did:plc:7bxjvp2yrmnsj2bqb73feblf/app.bsky.feed.post/3m3fldvzlwk2h,0,Neutral
"I had this conversation with Eric Grenier, who made the same point that many polling questions are hard to test (""how do people feel about the economy?"" etc) but the one time you can assess their accuracy is elections, so those are usually make or break. So looking at past election record helps.",2025-10-17 10:24:15.485000-05:00,alexboyd.bsky.social,Alex Boyd,0,0,0,at://did:plc:rjspzqrhmfeusqsputssv6yw/app.bsky.feed.post/3m3fldtin4c2l,0,Neutral
"Shampoo n'a rien d'une satire frontale. Au contraire. Sorti quelques mois apr√®s la d√©mission de Nixon, si le contexte politique ne peut √™tre ignor√©, ladite √©lection jouant son r√¥le de fil conducteur, le r√©cit s'attache davantage √† √©tudier les m≈ìurs de cette fin de d√©cennie.",2025-10-17 10:23:38.640000-05:00,clairemagenta.bsky.social,Claire Dramagentass,0,1,0,at://did:plc:rmibz3kyz53kv5tphkcykk54/app.bsky.feed.post/3m3flcrm3zt23,0,Neutral
Honestly it seems like your assertion that polling errors don‚Äôt matter and that the current measure is best compared to the election outcome rather than other polling measures seems based in your personal feelings that these weak candidates are actually awesome.,2025-10-17 10:23:29.164000-05:00,beecherbibles56.bsky.social,Beecher Bibles and Broadswords,0,1,0,at://did:plc:kja5rxwcpcsjzocoxvtzno7f/app.bsky.feed.post/3m3flchczr223,3,Positive
need this election to be over (and end the good way),2025-10-17 10:23:18.158000-05:00,ourapartment.bsky.social,.,2,0,0,at://did:plc:msw75b45flxf2fs3cew5cp2s/app.bsky.feed.post/3m3flc4t5pk2p,1,Positive
Fuck these people. This is exactly why I‚Äôve been avoiding protests since the election.,2025-10-17 10:23:10.972000-05:00,lisamikolajczyk.bsky.social,Lisa Mikolajczyk ‚ú°Ô∏è üü¶üè¥‚Äç‚ò†Ô∏è,15,0,1,at://did:plc:l3cg2vcomatzqpt666dv4dkw/app.bsky.feed.post/3m3flbvxw3k2g,0,Neutral
"The top 5 moments from the NYC mayoral debate: Attacks, jibes and wild stories The first mayoral general election debate was two hours filled with attacks, jibes and wild stories as Zohran Mamdani, Curtis Sliwa and Andrew Cuomo went all out to make their mark.

Interest | Match | Feed",2025-10-17 10:22:53-05:00,bluesky.awakari.com,Awakari,0,0,0,at://did:plc:i53e6y3liw2oaw4s6e6odw5m/app.bsky.feed.post/3m3flbex4tq27,0,Neutral
"youtu.be/1nus5JA3Vh4?...
BOMBSHELL CLAIM: TRUMP DID NOT WIN 2024, ELECTION MANIPULATED

Nathan Taylor, Executive Director of Public Engagement for Election Truth Alliance, joins us to discuss discrepancies in the 2024 election and how to bolster election integrity",2025-10-17 10:22:50.801000-05:00,markspeeps.bsky.social,MarksPeeps,0,0,0,at://did:plc:scmxvvvak4zovdneesfo43eh/app.bsky.feed.post/3m3flbcqcuk2k,-1,Negative
"Reform councillor wins by-election amid leaflet row

#Suffolk #Ipswich

 link : https://www.ipswichstar.co.uk...",2025-10-17 10:22:36.973163-05:00,suffolkuk.bsky.social,Suffolk,0,0,0,at://did:plc:ioimlg6ga4fbmockhunpk6v5/app.bsky.feed.post/3m3flaw6sqp2j,0,Neutral
"New GOP plan to save Missouri gerrymander the ""most embarrassing election lawsuit of 2025""
The Downballot

Seeking to invalidate signatures already gathered for referendum which would put the Republican power grab on hold until voters have a chance to vote on it

More on other states
bit.ly/4nZ9qdY",2025-10-17 10:22:35.859000-05:00,fdrtoday.bsky.social,Frank D. Russo,0,0,0,at://did:plc:ldjixk3mzgabe5khjjcpdcep/app.bsky.feed.post/3m3flauic3s24,0,Neutral
Whatever happened to the massive federal deficit GOP?! It disappeared right after the election.,2025-10-17 10:22:35.780000-05:00,s-ort.bsky.social,SOS,0,0,0,at://did:plc:qvpjtijn5nmgdinzeasbb7rd/app.bsky.feed.post/3m3flauftxs2p,0,Neutral
"Je suis tann√© de mettre de l‚Äôia partout comme √ßa.

Pour moi toute personne balan√ßant de l‚Äôia comme argument pour r√©soudre un probl√®me devrait √™tre banni de toute √©lection.",2025-10-17 10:22:22.371000-05:00,lapin972.bsky.social,Unknown,0,0,0,at://did:plc:ttitiutqqc6kjt5n75snyj2z/app.bsky.feed.post/3m3flahmo7s2v,0,Neutral
He bragged about this at every rally for the final 60 days of the 2020 election. Media just didn‚Äôt mention it.,2025-10-17 10:21:50.484000-05:00,chrisfumo.bsky.social,chris_fumo96,0,0,0,at://did:plc:klxrfdfgw46owgd4lbeezssm/app.bsky.feed.post/3m3fl7j7kl222,0,Neutral
Can't wait to plaster social media with Giffords 2026 midterm election endorsements,2025-10-17 10:21:38.099000-05:00,malachydiscontent.bsky.social,Malachy Discontent,0,0,0,at://did:plc:sn74lrgzkisufdz4qocqf2rq/app.bsky.feed.post/3m3fl75flts2u,0,Neutral
"This week we look at how the Department for Health & Social Care concluded it wasn‚Äôt worth giving front-line NHS staff a COVID-19 jab this winter. And we have short pieces on the Frome by-election + what the Cross Country non-strike means for Taunton
somersetconfidential.substack.com/p/no-jabs-fo...",2025-10-17 10:21:36.105000-05:00,somersetconf.bsky.social,Somerset Confidential,0,0,0,at://did:plc:knywoheq2qymlp4uf466akbn/app.bsky.feed.post/3m3fl73iqlc2z,0,Neutral
"‚ÄúYou will have saved the lives of millions of registered voters‚Äù is the kind of energy I want to see Democrats take with them through the next few election cycles. When it comes to health care, the environment, and public safety.",2025-10-17 10:21:34.702000-05:00,johnhalski.bsky.social,John Halski,1,0,0,at://did:plc:akbbmliu5kvc4r3vmzl6nr2r/app.bsky.feed.post/3m3fl725whk25,0,Neutral
"Guys, we're never having another election again. They're never going to give up their power. Look how much contempt they treat us with.",2025-10-17 10:21:23.537000-05:00,kingjackthe4th.blacksky.app,King Jack the 4th,1,0,0,at://did:plc:q5xf74ssa5ekxroqbkrpw5qm/app.bsky.feed.post/3m3fl6pj75c2g,0,Neutral
BC‚Äôs 2026 Municipal Election Hot Spots thetyee.ca/Analysis/202...,2025-10-17 10:21:16.765000-05:00,bcheadlines.bsky.social,Local BC News Headlines - Curated by CivicInfo BC,0,0,0,at://did:plc:cihbpghypfhssku2dlylqawh/app.bsky.feed.post/3m3fl6kci4u2z,0,Neutral
"[Local Election Mobilization] Under such a congressional deadlock, local elections can have a greater impact on people's livelihoods - encouraging citizens to participate in local politics.  www.politico.com",2025-10-17 10:20:56.698000-05:00,chjhdd478i.bsky.social,Unknown,0,0,0,at://did:plc:cxwacbelpjgolyzxct33ornz/app.bsky.feed.post/3m3fl5vw47c2k,0,Neutral
"Germany‚Äôs 1932 election: Nazis secured 37.27% of the vote, yet still couldn‚Äôt form a govt. Under  the Brit system, with 37.27% the Nazis would have won every seat. As they couldn‚Äôt take control legally, the Nazis arrested the Communist deputies & changed the rules to pass the Enabling Act in 1933.",2025-10-17 10:20:43.867000-05:00,barryhow2c.bsky.social,Barry Howard üî∂,1,1,1,at://did:plc:fg5pnva3vgx2yszm752fzraj/app.bsky.feed.post/3m3fl5jokvs2n,0,Neutral
"How many weddings, funerals and hospitals were struck? I had believed the US was headed into fascism since Nixon, our reaction to 9-11 and then to the election of a Black man made me certain. I only hope for a massive showing at the No Kings rallies tomorrow.",2025-10-17 10:20:38.757000-05:00,extinctionbeliever.bsky.social,"No Kings, no Nazis, no Christofascists, proudly ANTIFA",6,0,0,at://did:plc:b34br24wbdaerltrdhtgkybq/app.bsky.feed.post/3m3fl5eslp225,1,Positive
" red_exclamation_mark  Reform GAIN from Liberal Democrat

Yesterday's Copdock and Washbrook (Babergh) council by-election result:

REF: 32.0% (+32.0)
LDEM: 28.9% (-27.5)
GRN: 23.6% (+9.5)
CON: 13.9% (-15.7)
LAB: 1.7% (+1.7)

+/- 2023

Estimated turnout: ~39% (-1)

andrewteale.me.uk/previews",2025-10-17 10:20:26.518000-05:00,britainelects.com,Britain Elects,4,0,0,at://did:plc:z7zjuz7oy73prttz2t5h5j6r/app.bsky.feed.post/3m3fl4zu5fd2l,0,Neutral
"Don‚Äôt forget about those who don‚Äôt usually vote and Independents. They are also experiencing effects of Trump admin. Plus, there could be a lot of Republicans being fired in the big purge.

(previous election)",2025-10-17 10:20:13.094000-05:00,bhold353.bsky.social,BILL,0,0,0,at://did:plc:bz432qndmxdvxew7xlqn7l2p/app.bsky.feed.post/3m3fl4mdut22z,0,Neutral
"After the coup, yes. Seems likely to me from what we see here in the UK that any election held whilst that crook is still in situ will most likely be rigged, assuming he doesn't finagle a third term, which looks possible...",2025-10-17 10:19:39.396000-05:00,pablothetrucker.bsky.social,Pablothetrucker,0,1,0,at://did:plc:mmvlwipv5jzeng3hkp6qsbrb/app.bsky.feed.post/3m3fl3m6zxs2c,0,Neutral
"Guy won an election on ""They're eating the cats."" It was debunked. Americans didn't care. They are choosing white supremacy and misogyny.",2025-10-17 10:19:38.996000-05:00,nsparks.bsky.social,Unknown,0,0,0,at://did:plc:33nib6ybibt2rkgrxy5gwchd/app.bsky.feed.post/3m3fl3lsud222,0,Neutral
"Hey, once the democrat senators reopen the government, Mike Johnson said he would seat Adelita Grajalva. Her election was won after the house already ended session. Remember, Nancy Pelosi blocked a special election winner in 2021 for 27 days. Republicans weren't being on doors to get him sworn in.",2025-10-17 10:19:38.316000-05:00,heyyouguyss.bsky.social,Unknown,0,1,0,at://did:plc:2e3kr2t566h6sgqtw27c42oy/app.bsky.feed.post/3m3fl3l63bs2a,0,Neutral
Fetterman will lose so hard in the upcoming election,2025-10-17 10:19:36.355000-05:00,bluemudd24.bsky.social,üåëB‚Çó·µ§‚Çëb‚Çë·µ£·µ£y ‚Çò  üåë,0,0,0,at://did:plc:vly7lhggktvqitrzy5x4zgbr/app.bsky.feed.post/3m3fl3jcc722d,0,Neutral
"While only 36%of Americans can pass the USICS citizenship test, 92% of citizenship applicants successfully pass. 

Passing the citizenship test should be a requirement for every U.S. citizen before each federal election. 

That would basically wipe out the MAGA voters.",2025-10-17 10:19:16.638000-05:00,justfornow52.bsky.social,Unknown,0,0,0,at://did:plc:dy7btrq2qgots5mmlphv4adc/app.bsky.feed.post/3m3fl2wimc22y,0,Neutral
"""In total, the Trump admin  pulled funding for 223 clean energy projects in 16 states. Political observers quickly noted that nearly all of the cancelled projects were in states that voted for former VP Kamala Harris in the last presidential election.""

washingtonstatestandard.com/2025/10/02/t...",2025-10-17 10:19:14.571000-05:00,hotteabreak.bsky.social,Pepe the Turtle,0,0,0,at://did:plc:xpjjhmftkwy3gzxfh2rjdfiu/app.bsky.feed.post/3m3fl2ujir22v,0,Neutral
"You do want people to think the election is winnable. But the real target is donors, incumbents and institutions. If the Party thinks an election is close, they'll put more money in. If incumbents think you could win, they'll give you more support or endorsements.",2025-10-17 10:18:29.781000-05:00,dancassino.bsky.social,Dan Cassino,0,0,0,at://did:plc:7bxjvp2yrmnsj2bqb73feblf/app.bsky.feed.post/3m3fkzjskl22x,2,Positive
Roughly two weeks before Election Day in Virginia,2025-10-17 10:18:12.370000-05:00,billvabeach.bsky.social,Bill Virginia Beach,0,0,0,at://did:plc:srakn2dtz45bgtovjhjzekej/app.bsky.feed.post/3m3fkyzba3s27,0,Neutral
"This bit is getting old, though I admire the commitment to it. She ""looks like"" that to you because you desperately want it, either because you're a GOP troll or you want to prove that moderates aren't (despite ALL the evidence) better general election candidates.",2025-10-17 10:17:39.345000-05:00,penguins18.bsky.social,Unknown,0,1,0,at://did:plc:5jogp7alzzv6lhlafoxkhu7o/app.bsky.feed.post/3m3fkxzpgmk27,1,Positive
Say the guy that won an election in a gerrymanderingized district and got by chance the speakership...?,2025-10-17 10:17:37.023000-05:00,liberteny.bsky.social,Liberte_NY üóΩ,1,1,0,at://did:plc:7c36gffxskgqngpynd64uvbf/app.bsky.feed.post/3m3fkxxij3k2a,0,Neutral
"""how could you say that politics is image and performance?""

Abe Lincoln, an IL Rep who just lost a Senate election, puts on a $3,000 suit to give a 7,000 word speech at Cooper Union, NYC, months before declaring a Presidential run",2025-10-17 10:17:29.883000-05:00,kwh561.bsky.social,"Luigi ""The Adjuster"" Mangione",1,0,0,at://did:plc:cg2vs7cukjdukbk6k6cf2w6v/app.bsky.feed.post/3m3fkxqqg2c2e,0,Neutral
Coastal elites have bought Colorado in the past but we need to reverse that next election. No Polis No Weiser No Griswold is a good start up top.,2025-10-17 10:16:56.431000-05:00,corporatecuck.bsky.social,corporatecuck.bsky.social,0,0,0,at://did:plc:wk3aznuju4psf54oaa523yup/app.bsky.feed.post/3m3fkwqrrgs2i,1,Positive
"Is the @FIA and its governance of @F1 better after MBS became president or worse?

Its election model for decades as given a massive benefit to the incumbent. That‚Äôs why there‚Äôs only ever a change when the President decides on his own to leave. 

Good luck. We‚Äôre in the era of authoritarians.  #F1",2025-10-17 10:16:47.718000-05:00,sparesteward.bsky.social,The Spare Steward,3,0,1,at://did:plc:qnumqjnhlqup3iaa23em2j6v/app.bsky.feed.post/3m3fkwihvms2l,0,Neutral
If this was true we would have had flashing red lights and sirens blaring before the election.,2025-10-17 10:16:15.733000-05:00,agateboy.bsky.social,Unknown,0,0,0,at://did:plc:weh6ri5lcfwj23opdsm5uvxh/app.bsky.feed.post/3m3fkvjxsbk2r,0,Neutral
"Nothing to worry about folks....  flushed_face ....  police_car_light  police_car_light  police_car_light 

""Former GOP operative Scott Leiendecker just bought Dominion Voting Systems, giving him ownership of voting systems used in 27 states. Election experts don't know what to think.""",2025-10-17 10:16:10.461000-05:00,colin-dawny.bsky.social,Colin's Lounge Lizards üá®üá¶ üçÅ,0,0,1,at://did:plc:23nchbx3vafequ2dkiq2akvo/app.bsky.feed.post/3m3fkvewtv225,0,Neutral
"Canada‚Äôs election system risks EXTREMIST  regimes taking power. 

Proportional Representation would give all votes equal voice. 

No vote splitting, high turn-out

@cbcqueenspark.bsky.social @thestar.com @theglobeandmail.com",2025-10-17 10:15:46.225000-05:00,everyripple.bsky.social,Unknown,0,0,0,at://did:plc:ycdshfsnfrmev7qwwnyxaoex/app.bsky.feed.post/3m3fkuntcts2g,0,Neutral
"I have been thinking that alot 

Considering mail in ballots for November 4 many Pennsylvania counties have been found to be duplicate and triplicate 
Mont Co 
luzerne 
Carbon
Schuylkill 

Purge of rolls doesn't happen for two complete election cycles",2025-10-17 10:15:43.061000-05:00,joannkennedy.bsky.social,Unknown,1,0,0,at://did:plc:l3u4ntgdhjrqw7qfh6ez3xrl/app.bsky.feed.post/3m3fkukso322u,0,Neutral